Started At,Completed At,Completion Status,Device Type,Browser,Organization Uuid,Segment,Organizationscountry,Utm Medium,Utm Source,Utm Campaign,1. 1. Hvor h칮rte du om iZettle?,"2. 2. Hvor tilfreds er du generelt med iZettle, p친 en skala fra 1 til 10?","3. 3. Hvor sandsynligt er det, at du vil anbefale iZettle til en ven eller kollega?","4.1. 4. Angiv venligst p친 en skala fra 1 til 5, hvor tilfreds du er med: Din konto p친 my.izettle.com","4.2. 4. Angiv venligst p친 en skala fra 1 til 5, hvor tilfreds du er med: Salgsrapporter","4.3. 4. Angiv venligst p친 en skala fra 1 til 5, hvor tilfreds du er med: Kundesupport","4.4. 4. Angiv venligst p친 en skala fra 1 til 5, hvor tilfreds du er med: Udbetalinger","4.5. 4. Angiv venligst p친 en skala fra 1 til 5, hvor tilfreds du er med: Kompatibilitet med tilbeh칮r (f.eks. printere, holdere, stregkodescannere m.m.)","4.6. 4. Angiv venligst p친 en skala fra 1 til 5, hvor tilfreds du er med: Kvitteringer til kunder","4.7. 4. Angiv venligst p친 en skala fra 1 til 5, hvor tilfreds du er med: Kortl칝ser","4.8. 4. Angiv venligst p친 en skala fra 1 til 5, hvor tilfreds du er med: Modtagelse af betalinger","4.9. 4. Angiv venligst p친 en skala fra 1 til 5, hvor tilfreds du er med: Kommunikationsindsats (f.eks. om nye lanceringer, tips og r친d, kontoopdateringer m.m)","4.10. 4. Angiv venligst p친 en skala fra 1 til 5, hvor tilfreds du er med: Det samlede bel칮b, du kan modtage pr. kortbetaling","5. 5. Hvilke af f칮lgende produkter, tjenester eller l칮sninger kender du, eller tror du at iZettle kan tilbyde sm친 virksomheder?",,,,,,,,,,,"6. 6. Vi fors칮ger altid at udvikle os og forbedre tjenesten for vores kunder. Angiv venligst hvis der er noget s칝rligt, du er utilfreds med:","7. 7. Vi fors칮ger altid at udvikle os og forbedre tjenesten for vores kunder. Angiv venligst hvis der er en funktionalitet i vores tjeneste, du mangler i dag:"
,,,,,,,,,,,,,,,,,,,,,,,,Bogf칮ringsv칝rkt칮jer, Fakturering,Kassesystem,Virksomhedsfinansiering,"Tilbeh칮r til kassen (f.eks. kvitteringsprinter, stregkodescanner m.m.)",V칝rkt칮jer til lagerstyring,Kortl칝ser,Tilf칮jelser i form af loyalitets- og CRM-ydelser,V칝rkt칮jer til personalestyring, V칝rkt칮jer til at f칮lge og analysere salg, Ingen af ovenst친ende,,
2019-04-19 15:22:29 UTC,2019-04-19 15:31:29 UTC,completed,ios,Safari 12.1,b360fca0-43cb-11e8-bfa2-cd228d37e9cd,3M,DK,email,crm,EU_DK_SRV_ALL_ALL_EML_GFB-SurveyYearlyCheck Version 2,Jeg fik anbefalet iZettle,7,6,NA,5,NA,5,4,2,4,4,NA,3,Bogf칮ringsv칝rkt칮jer,,Kassesystem,,,,Kortl칝ser,,, V칝rkt칮jer til at f칮lge og analysere salg,,Gebyr p친 sanktion,Kvittering fra kortl칝ser
2019-04-21 18:56:33 UTC,2019-04-21 19:01:51 UTC,completed,ios,Safari 12.1,392810ae-1dc3-11e9-85e7-2b9421e2220f,3M,DK,email,crm,EU_DK_SRV_ALL_ALL_EML_GFB-Survey3MonthsCheck Version 2,"Jeg betalte for noget med iZettle, eller s친 en anden g칮re det",7,8,3,3,NA,2,NA,5,5,5,NA,NA,Bogf칮ringsv칝rkt칮jer, Fakturering,Kassesystem,,"Tilbeh칮r til kassen (f.eks. kvitteringsprinter, stregkodescanner m.m.)",V칝rkt칮jer til lagerstyring,Kortl칝ser,,, V칝rkt칮jer til at f칮lge og analysere salg,,"Jeg synes at det er besv칝rligt at holde styr p친
hvorvidt og hvilke indbetalinger jeg har f친et udbetalt, n친r der nogle gange g친r flere dage inden indbetalingen bliver overf칮rt. Jeg har ikke tid til at gennemg친 om I har indsat alle mine penge, og jeg synes ikke det er s칝rlig gennemskueligt, s칝rligt ikke n친r bel칮bet jo har 칝ndret sig efter I har trukket jeres procenter.",Jeg ville 칮nske at var muligt at se en samlet oversigt over indbetalinger samt kundenavn/service. Det er irriterende at skulle gennemg친 hver enkelt.
2019-04-22 07:45:13 UTC,2019-04-22 08:12:22 UTC,completed,ios,Safari 12.0,84ce0030-44c1-11e8-848c-8bc76e7fa1c7,3M,DK,email,crm,EU_DK_SRV_ALL_ALL_EML_GFB-SurveyYearlyCheck Version 2,Jeg fik anbefalet iZettle,5,5,2,3,1,5,4,4,4,4,NA,4,Bogf칮ringsv칝rkt칮jer, Fakturering,Kassesystem,,,,,,,,,"Kundesupport er ikke til at f친 fat, n친r man har brug for den og der bliver ikke ringet tilbage i tide.","Split regnigner i lige dele. 
Print funktion til enkelte produkter."
2019-04-23 18:47:17 UTC,2019-04-23 18:51:04 UTC,completed,windows,Chrome 73.0.3683.103,18a659b0-4724-11e8-9b6c-ac6af89fce60,3M,DK,email,crm,EU_DK_SRV_ALL_ALL_EML_GFB-SurveyYearlyCheck Version 2,Sociale medier,8,8,4,4,NA,4,4,4,4,4,NA,3,,,Kassesystem,,,,Kortl칝ser,,,,,St칮rrelsen p친 gebyrene. Men det er ved man jo n친r man siger ja tak. Ellers er det et ret nemt og godt system,ikke noget PT
2019-04-23 21:41:33 UTC,2019-04-23 21:46:13 UTC,completed,ios,Safari 12.1,28437068-1f0c-11e9-9d4e-502234176f2b,3M,DK,email,crm,EU_DK_SRV_ALL_ALL_EML_GFB-Survey3MonthsCheck Version 2,Jeg fik anbefalet iZettle,10,10,5,5,3,5,5,5,5,5,5,5,Bogf칮ringsv칝rkt칮jer,,,,"Tilbeh칮r til kassen (f.eks. kvitteringsprinter, stregkodescanner m.m.)",V칝rkt칮jer til lagerstyring,Kortl칝ser,,,,,Jeg er meget tilfreds med hele systemet. Alt virker perfekt og det er nemt at betjene,P친 nuv칝rende tidspunkt savner vi ikke noget specifikt i systemer
2019-04-24 14:10:48 UTC,2019-04-24 14:12:51 UTC,completed,ios,Safari 12.1,35468090-46e8-11e8-8371-9e6c2c0f032d,3M,DK,email,crm,EU_DK_SRV_ALL_ALL_EML_GFB-SurveyYearlyCheck Version 2,Internets칮gning (Google),7,7,3,3,2,2,2,3,2,2,2,1,Bogf칮ringsv칝rkt칮jer, Fakturering,Kassesystem,Virksomhedsfinansiering,"Tilbeh칮r til kassen (f.eks. kvitteringsprinter, stregkodescanner m.m.)",,Kortl칝ser,,,,,E,E
2019-04-24 19:07:11 UTC,2019-04-24 19:18:00 UTC,completed,ios,Safari 12.0,3ea0d258-201d-11e9-8140-e11b9b74fbd1,3M,DK,email,crm,EU_DK_SRV_ALL_ALL_EML_GFB-Survey3MonthsCheck Version 2,Internets칮gning (Google),7,7,3,4,4,4,4,3,3,4,4,4,,,Kassesystem,,"Tilbeh칮r til kassen (f.eks. kvitteringsprinter, stregkodescanner m.m.)",V칝rkt칮jer til lagerstyring,Kortl칝ser,,, V칝rkt칮jer til at f칮lge og analysere salg,,"Jeg savner virkelig nogle flere samarbejder til integration af forsendelse. F.eks. pakkelabels.dk
Indimellem virker nogle felter ikke i oprettelsen af produkter. Idag var det indk칮bspris man kun kunne skrive i hele tal.
I app kassesystemet kan man i m칝ngde taste med komma. Dvs 1,2 meter(i mit tilf칝lde), men det kan man ikke i webshoppen. Det er et stort problem for mig.","Forsendelsesintegrationer.
Gavekort funktion.
Bedre enhedsstyring. F.eks. ogs친 st kunnr s칝tte en minimumsgr칝nse i webshoppen."
2019-04-24 19:07:53 UTC,2019-04-24 19:19:08 UTC,completed,ios,Safari 12.0,0ebd122c-1fb4-11e9-9df6-5ce113da9b57,3M,DK,email,crm,EU_DK_SRV_ALL_ALL_EML_GFB-Survey3MonthsCheck Version 2,Jeg fik anbefalet iZettle,9,9,3,4,4,4,3,2,4,4,4,3,Bogf칮ringsv칝rkt칮jer,,Kassesystem,,,,Kortl칝ser,,V칝rkt칮jer til personalestyring, V칝rkt칮jer til at f칮lge og analysere salg,,I a,Billigere muligheder for at k칮be printer til bon
2019-04-26 07:18:35 UTC,2019-04-26 07:21:47 UTC,completed,ios,Safari 12.1,2289a430-4866-11e8-a47d-7517bc650918,3M,DK,email,crm,EU_DK_SRV_ALL_ALL_EML_GFB-SurveyYearlyCheck Version 2,Jeg fik anbefalet iZettle,10,10,5,5,5,5,5,5,5,5,5,5,,,,,,,,,,, Ingen af ovenst친ende,Jeg er meget tilfreds.,Der ikke er noget.
2019-04-29 15:21:35 UTC,2019-04-29 15:25:47 UTC,completed,windows,Firefox 66.0,9f796b50-4b7d-11e8-af5e-b35aeb92b077,3M,DK,email,crm,EU_DK_SRV_ALL_ALL_EML_GFB-SurveyYearlyCheck Version 2,Sociale medier,10,10,4,3,4,4,3,3,4,5,4,4,Bogf칮ringsv칝rkt칮jer, Fakturering,Kassesystem,Virksomhedsfinansiering,"Tilbeh칮r til kassen (f.eks. kvitteringsprinter, stregkodescanner m.m.)",,Kortl칝ser,,,,,Kontoudtog kan forbedres,Ingen
2019-04-29 16:34:45 UTC,2019-04-29 16:37:27 UTC,completed,android,Chrome 71.0.3578.99,9c02ed50-4bed-11e8-b327-5b3a5e78ced1,3M,DK,email,crm,EU_DK_SRV_ALL_ALL_EML_GFB-SurveyYearlyCheck Version 2,Jeg fik anbefalet iZettle,5,5,4,5,2,5,NA,5,5,3,3,4,Bogf칮ringsv칝rkt칮jer,,Kassesystem,,,V칝rkt칮jer til lagerstyring,Kortl칝ser,,, V칝rkt칮jer til at f칮lge og analysere salg,,Af man ikke kan modtage bel칮bet under 10 kr p친 terminalen...,Der mangler af man kan modtage kortbetalinger p친 under 10 kr
2019-05-03 16:12:36 UTC,2019-05-03 16:17:05 UTC,completed,ios,Safari 12.1,31b82d70-4eae-11e8-8b72-2111d116b06e,3M,DK,email,crm,EU_DK_SRV_ALL_ALL_EML_GFB-SurveyYearlyCheck Version 2,Internets칮gning (Google),7,7,4,4,3,4,NA,4,3,4,NA,4,Bogf칮ringsv칝rkt칮jer, Fakturering,Kassesystem,Virksomhedsfinansiering,"Tilbeh칮r til kassen (f.eks. kvitteringsprinter, stregkodescanner m.m.)",V칝rkt칮jer til lagerstyring,Kortl칝ser,,V칝rkt칮jer til personalestyring, V칝rkt칮jer til at f칮lge og analysere salg,,Prisen er for h칮j ift. Nets eller heller. Men dog er i mere Flexibles.,"Mulighed for selv at v칝lge afstemnings tid, istedet for altid til midnat."
2019-05-06 18:43:23 UTC,2019-05-06 18:47:21 UTC,completed,ios,Safari 12.0,96214e40-2923-11e9-971d-1d458028a6a6,3M,DK,email,crm,EU_DK_SRV_ALL_ALL_EML_GFB-Survey3MonthsCheck Version 2,"Jeg betalte for noget med iZettle, eller s친 en anden g칮re det",8,8,3,4,4,4,4,4,3,4,4,4,,,,,,,,,,, Ingen af ovenst친ende,At man ikke kan refundere et k칮b tilbage til kundens kort,Ved ikke
2019-05-08 13:06:17 UTC,2019-05-08 13:11:16 UTC,completed,mac,Chrome 74.0.3729.131,d239a944-292e-11e9-a446-b58a1438ef73,3M,DK,email,crm,EU_DK_SRV_ALL_ALL_EML_GFB-Survey3MonthsCheck Version 2,Set den anvendt i forskellige sm친 forretninger,5,5,5,3,3,2,4,4,5,4,3,4,Bogf칮ringsv칝rkt칮jer, Fakturering,Kassesystem,Virksomhedsfinansiering,"Tilbeh칮r til kassen (f.eks. kvitteringsprinter, stregkodescanner m.m.)",,Kortl칝ser,,, V칝rkt칮jer til at f칮lge og analysere salg,,"Jeg synes, at transaktionsgebyrerne er for dyre ift til hvad mobilepay/myshop kan tilbyde. Hvilket g칮r jeg i langt de fleste tilf칝lde v칝lger at bruge ovenn칝vnte.",?
2019-05-08 19:38:33 UTC,2019-05-08 19:41:57 UTC,completed,android,Chrome 74.0.3729.136,66b7529c-2b1e-11e9-b26c-1b5efd5ef868,3M,DK,email,crm,EU_DK_SRV_ALL_ALL_EML_GFB-Survey3MonthsCheck Version 2,Jeg fik anbefalet iZettle,10,10,5,5,5,5,5,5,5,5,5,5,, Fakturering,Kassesystem,,"Tilbeh칮r til kassen (f.eks. kvitteringsprinter, stregkodescanner m.m.)",V칝rkt칮jer til lagerstyring,Kortl칝ser,,, V칝rkt칮jer til at f칮lge og analysere salg,,Ikke noget,Ikke noget
2019-05-10 18:44:39 UTC,2019-05-10 18:46:33 UTC,completed,ios,Safari 12.1.1,c0661ce6-2c69-11e9-9ef9-60017ebfc139,3M,DK,email,crm,EU_DK_SRV_ALL_ALL_EML_GFB-Survey3MonthsCheck Version 2,"Jeg betalte for noget med iZettle, eller s친 en anden g칮re det",8,8,4,4,4,4,NA,5,5,5,4,NA,,,,,,V칝rkt칮jer til lagerstyring,,,,,,Stand alone Dankort.. mangler ret meget!!,Ren dankort
2019-05-12 19:48:04 UTC,2019-05-12 19:51:28 UTC,completed,windows,Chrome 74.0.3729.131,a79c2468-2dda-11e9-ad41-e9113d828226,3M,DK,email,crm,EU_DK_SRV_ALL_ALL_EML_GFB-Survey3MonthsCheck Version 2,Jeg fik anbefalet iZettle,10,10,5,5,5,5,5,5,5,5,5,5,,,,,,,,,,, Ingen af ovenst친ende,"Driller bare.. synes det er et velfungerende system.. er bare et lille sted,.. s친","I er gode,... bliv ved med det, men bliv ikke gr친dige"
2019-05-14 15:23:57 UTC,2019-05-14 15:27:44 UTC,completed,ios,Safari 12.0,1dc87f90-5741-11e8-b802-5af2162c0de8,3M,DK,email,crm,EU_DK_SRV_ALL_ALL_EML_GFB-SurveyYearlyCheck Version 2,Jeg fik anbefalet iZettle,10,10,5,5,5,5,5,NA,5,5,3,4,Bogf칮ringsv칝rkt칮jer, Fakturering,Kassesystem,,,V칝rkt칮jer til lagerstyring,Kortl칝ser,,,,,Ingenting,Ingenting
2019-05-15 10:45:16 UTC,2019-05-15 10:49:20 UTC,completed,ios,Safari 12.1,88907a4a-2eef-11e9-9352-2f03fa71bb90,3M,DK,email,crm,EU_DK_SRV_ALL_ALL_EML_GFB-Survey3MonthsCheck Version 2,Sociale medier,8,10,4,4,5,4,4,NA,4,4,5,5,,,Kassesystem,,"Tilbeh칮r til kassen (f.eks. kvitteringsprinter, stregkodescanner m.m.)",,Kortl칝ser,,,,,Nogle gange vil iZettle ikke godkende et dankort / visa ?,Bonner
2019-05-16 08:38:31 UTC,2019-05-16 08:47:10 UTC,completed,ios,Safari 12.0,a650e4fc-3070-11e9-9d61-ba76a03d72ab,3M,DK,email,crm,EU_DK_SRV_ALL_ALL_EML_GFB-Survey3MonthsCheck Version 2,Sociale medier,8,8,5,4,4,4,NA,NA,5,4,4,5,Bogf칮ringsv칝rkt칮jer, Fakturering,Kassesystem,Virksomhedsfinansiering,"Tilbeh칮r til kassen (f.eks. kvitteringsprinter, stregkodescanner m.m.)",V칝rkt칮jer til lagerstyring,Kortl칝ser,,V칝rkt칮jer til personalestyring, V칝rkt칮jer til at f칮lge og analysere salg,,"Som en der ogs친 modtager MobilePay, s친 spekuleres relativt meget i, at p친 bestemte transaktioner kan det ene produkt bedst betale sig, mens p친 bel칮b allerede over ca. 40kr v칝lges kortl칝seren fra n친r muligt, da transaktionsudgiften p친 kortl칝seren s친 er dyrest.
Hvis I 칮nsker at nedvirke til at fremme m칝ngden af tranaktioner p친 kortl칝seren frem for MobilePay, s친 skal der kigged p친 udgiften or transaktion. Evt gennem graduering af procentssatsen.",Tak.
2019-05-21 08:18:56 UTC,2019-05-21 08:21:07 UTC,completed,windows,Internet Explorer 11.0,76361a80-5a79-11e8-849b-cdf5c8d97e2c,3M,DK,email,crm,EU_DK_SRV_ALL_ALL_EML_GFB-SurveyYearlyCheck Version 2,Sociale medier,5,3,3,3,3,3,3,3,3,3,3,3,,,,,,,,,,, Ingen af ovenst친ende,Prisen pr. transaktion er alt for h칮j,Besked f칮r opdateringer som blokere for betalinger
2019-05-21 08:27:55 UTC,2019-05-21 08:30:52 UTC,completed,windows,Chrome 74.0.3729.157,cbb80ea0-5a79-11e8-800c-4960e074e93f,3M,DK,email,crm,EU_DK_SRV_ALL_ALL_EML_GFB-SurveyYearlyCheck Version 2,Onlinereklamer,8,10,5,5,5,5,3,5,5,5,5,2,,,Kassesystem,,,,,,,,,"Fungere fint, hat lidt problemer med at ops칝tte varegrupper og tilslutning af stregkode l칝ser","Styring af varelager samt man kan se indk칮bspris sammen med udsalgspris, hvis man evt. skal give rabat mv."
2019-05-22 17:14:05 UTC,2019-05-22 17:16:29 UTC,completed,ios,Safari 12.1,2d5d2d90-5d9d-11e8-b946-11ef8108c0e7,3M,DK,email,crm,EU_DK_SRV_ALL_ALL_EML_GFB-SurveyYearlyCheck Version 2,Internets칮gning (Google),8,8,4,4,NA,4,4,4,4,4,NA,4,Bogf칮ringsv칝rkt칮jer, Fakturering,Kassesystem,,"Tilbeh칮r til kassen (f.eks. kvitteringsprinter, stregkodescanner m.m.)",V칝rkt칮jer til lagerstyring,Kortl칝ser,,,,,At rabatter givet p친 produkter vises som samlet rabat og ikke under hver produktgruppe,Se nr 6
2019-05-23 15:51:41 UTC,2019-05-23 15:54:27 UTC,completed,ios,Safari 12.1,e95271e0-5e4c-11e8-9981-0c79d264aade,3M,DK,email,crm,EU_DK_SRV_ALL_ALL_EML_GFB-SurveyYearlyCheck Version 2,Jeg fik anbefalet iZettle,10,10,5,5,5,5,5,5,5,5,5,5,,,Kassesystem,,,,Kortl칝ser,,,,,九덢잺,Har ingen brug for mere
2019-05-23 16:17:14 UTC,2019-05-23 16:19:15 UTC,completed,ios,Safari 12.1,a44ec160-5e66-11e8-bb5c-2927a08ad808,3M,DK,email,crm,EU_DK_SRV_ALL_ALL_EML_GFB-SurveyYearlyCheck Version 2,Ven,8,8,4,4,4,2,4,3,3,5,3,4,,,,,,,Kortl칝ser,,,,,Billigere transaktioner,Det er ellers fint
2019-05-26 15:35:44 UTC,2019-05-26 15:38:03 UTC,completed,ios,Safari 12.1,56f86a10-60c3-11e8-a5ff-3dcb1f7f50f6,3M,DK,email,crm,EU_DK_SRV_ALL_ALL_EML_GFB-SurveyYearlyCheck Version 2,Sociale medier,6,6,5,5,NA,3,NA,NA,NA,NA,NA,4,Bogf칮ringsv칝rkt칮jer,,,,,,Kortl칝ser,,,,,Syntes % sats er for h칮j,Inter
2019-05-28 15:55:59 UTC,2019-05-28 15:58:12 UTC,completed,ios,Safari 12.1,ed6d4a30-6292-11e8-9051-6cd4ed6c5b4f,3M,DK,email,crm,EU_DK_SRV_ALL_ALL_EML_GFB-SurveyYearlyCheck Version 2,Internets칮gning (Google),10,10,5,5,5,5,4,4,5,5,4,5,, Fakturering,Kassesystem,,"Tilbeh칮r til kassen (f.eks. kvitteringsprinter, stregkodescanner m.m.)",,Kortl칝ser,,,,,P,P
2019-05-28 19:10:13 UTC,2019-05-28 19:15:39 UTC,completed,windows,Microsoft Edge 17.17134,f74a54f6-3ad4-11e9-aa58-04733bdbfd93,3M,DK,email,crm,EU_DK_SRV_ALL_ALL_EML_GFB-Survey3MonthsCheck Version 2,Jeg fik anbefalet iZettle,10,10,5,5,5,5,4,4,5,5,4,5,,,Kassesystem,,"Tilbeh칮r til kassen (f.eks. kvitteringsprinter, stregkodescanner m.m.)",V칝rkt칮jer til lagerstyring,Kortl칝ser,,,,,"Ved kontantbetaling skal man selv skrive k칮bssaldoen ind, kan dette 칝ndres s친 den skriver bel칮bet.",ok.
2019-05-29 20:26:50 UTC,2019-05-29 20:28:43 UTC,completed,mac,Chrome 74.0.3729.169,62486a1e-3692-11e9-86bc-d322f9dad12b,3M,DK,email,crm,EU_DK_SRV_ALL_ALL_EML_GFB-Survey3MonthsCheck Version 2,Internets칮gning (Google),10,8,5,5,4,4,NA,5,5,5,5,NA,,,Kassesystem,,"Tilbeh칮r til kassen (f.eks. kvitteringsprinter, stregkodescanner m.m.)",,Kortl칝ser,,, V칝rkt칮jer til at f칮lge og analysere salg,,,
2019-06-02 08:30:55 UTC,2019-06-02 08:33:50 UTC,completed,windows,Firefox 67.0,0bfb5680-6127-11e8-83cb-ef050569c042,3M,DK,email,crm,EU_DK_SRV_ALL_ALL_EML_GFB-SurveyYearlyCheck Version 2,"Jeg betalte for noget med iZettle, eller s친 en anden g칮re det",7,8,4,NA,4,4,NA,5,3,4,3,4,Bogf칮ringsv칝rkt칮jer,,Kassesystem,,"Tilbeh칮r til kassen (f.eks. kvitteringsprinter, stregkodescanner m.m.)",V칝rkt칮jer til lagerstyring,Kortl칝ser,,, V칝rkt칮jer til at f칮lge og analysere salg,,Den nye m친de at lave flere varianter p친. Den er helt umulig i s칝r p친 mobil. Den gamle fungerede s친 godt.,Batteriniveau p친 terminalen altid - ikke kun mens den lader
2019-06-04 19:03:41 UTC,2019-06-04 19:05:57 UTC,completed,windows,Chrome 74.0.3729.169,f5a73214-403c-11e9-ac85-0c87f84b4e1c,3M,DK,email,crm,EU_DK_SRV_ALL_ALL_EML_GFB-Survey3MonthsCheck Version 2,Sociale medier,9,9,5,5,4,NA,5,5,5,5,5,5,, Fakturering,,,,,Kortl칝ser,,,,,'-,'-
2019-06-05 19:12:23 UTC,2019-06-05 19:18:10 UTC,completed,ios,Chrome 74.0.3729.155,68152210-68a8-11e8-b44f-0ee1b0f5224d,3M,DK,email,crm,EU_DK_SRV_ALL_ALL_EML_GFB-SurveyYearlyCheck Version 2,Internets칮gning (Google),8,10,4,4,5,5,5,4,3,5,3,4,,,Kassesystem,Virksomhedsfinansiering,"Tilbeh칮r til kassen (f.eks. kvitteringsprinter, stregkodescanner m.m.)",,Kortl칝ser,,, V칝rkt칮jer til at f칮lge og analysere salg,,"Analysering af salg kunne v칝re bedre.
Ogs친 hvis man overskrider et bel칮b, lavere %.
Ind i mellem sker det at terminalen kan ikke tage i mod korte?
Men sj칝ldent.",Bedre analysering af salg
2019-06-06 04:36:36 UTC,2019-06-06 04:39:40 UTC,completed,ios,Safari 12.1.1,de9d1a34-409b-11e9-8821-08f12ec89939,3M,DK,email,crm,EU_DK_SRV_ALL_ALL_EML_GFB-Survey3MonthsCheck Version 2,Internets칮gning (Google),6,6,5,5,5,5,5,5,5,5,5,5,,,,,,,Kortl칝ser,,,,,Wish you all best,Non
2019-06-06 11:00:28 UTC,2019-06-06 11:03:11 UTC,completed,windows,Chrome 74.0.3729.169,f8552638-4113-11e9-9c49-3e8d3f2a2b24,3M,DK,email,crm,EU_DK_SRV_ALL_ALL_EML_GFB-Survey3MonthsCheck Version 2,Jeg fik anbefalet iZettle,9,9,4,4,4,3,3,4,3,3,3,3,,,Kassesystem,,,,Kortl칝ser,,,,,'-,'-
2019-06-07 17:20:52 UTC,2019-06-07 17:24:57 UTC,completed,android,Chrome 67.0.3396.87,8d2a3db0-6a6f-11e8-97ef-3c8f14bf0cdf,3M,DK,email,crm,EU_DK_SRV_ALL_ALL_EML_GFB-SurveyYearlyCheck Version 2,Jeg fik anbefalet iZettle,7,8,4,5,3,5,NA,4,5,5,NA,NA,, Fakturering,Kassesystem,Virksomhedsfinansiering,,,Kortl칝ser,,,,,Integreret regnskabsprogram til moms og 친rs report kunne frem h칝ve det speciale i jeres system,"Bogf칮ringsprogram til regnskab og moms reporter.
Mulighed for at kunne integrere betalinger mellem andre platforme s친 som udgifter betalte"
2019-06-09 07:00:24 UTC,2019-06-09 07:04:00 UTC,completed,android,Chrome 75.0.3770.67,45fa01e0-6ad9-11e8-9b19-1f553ae5b740,3M,DK,email,crm,EU_DK_SRV_ALL_ALL_EML_GFB-SurveyYearlyCheck Version 2,"Jeg betalte for noget med iZettle, eller s친 en anden g칮re det",8,8,4,4,4,4,4,4,4,4,4,4,,,,,,,,,,, Ingen af ovenst친ende,Det fint,For mange spm i sp칮rgeskema
2019-06-09 20:27:59 UTC,2019-06-09 20:29:46 UTC,completed,ios,Safari 12.1.1,219fe552-444b-11e9-9036-83aff253f9f1,3M,DK,email,crm,EU_DK_SRV_ALL_ALL_EML_GFB-Survey3MonthsCheck Version 2,"Jeg betalte for noget med iZettle, eller s친 en anden g칮re det",7,6,5,NA,NA,1,4,NA,NA,1,4,5,Bogf칮ringsv칝rkt칮jer, Fakturering,Kassesystem,Virksomhedsfinansiering,"Tilbeh칮r til kassen (f.eks. kvitteringsprinter, stregkodescanner m.m.)",V칝rkt칮jer til lagerstyring,Kortl칝ser,Tilf칮jelser i form af loyalitets- og CRM-ydelser,V칝rkt칮jer til personalestyring, V칝rkt칮jer til at f칮lge og analysere salg,,For lang tid at vente med udbetaling.,Integration med Woocommerce og dermed ogs친 muligheden for at kunder kan betale med MobilePay p친 webshop
2019-06-10 19:11:20 UTC,2019-06-10 19:12:54 UTC,completed,ios,Safari 12.1,04cf8252-4504-11e9-9b4a-6fcb4fad8684,3M,DK,email,crm,EU_DK_SRV_ALL_ALL_EML_GFB-Survey3MonthsCheck Version 2,"Jeg betalte for noget med iZettle, eller s친 en anden g칮re det",9,9,5,5,4,5,5,5,5,5,NA,5,,,Kassesystem,,"Tilbeh칮r til kassen (f.eks. kvitteringsprinter, stregkodescanner m.m.)",V칝rkt칮jer til lagerstyring,Kortl칝ser,,,,,Er godt tilfreds,Ingen
2019-06-12 07:30:07 UTC,2019-06-12 07:42:08 UTC,completed,windows,Chrome 74.0.3729.169,6e76b8bc-3490-11e9-8a87-cbd924b865a5,3M,DK,email,crm,EU_DK_SRV_ALL_ALL_EML_GFB-Survey3MonthsCheck Version 2,Jeg fik anbefalet iZettle,9,9,5,5,NA,5,NA,NA,4,5,NA,5,Bogf칮ringsv칝rkt칮jer, Fakturering,Kassesystem,,"Tilbeh칮r til kassen (f.eks. kvitteringsprinter, stregkodescanner m.m.)",V칝rkt칮jer til lagerstyring,Kortl칝ser,,,,,"Det ville v칝re dejlig at kunne ""s칝lge"" vare til 0kr, da vi p친 den m친de ville kunne bogf칮rer alt. Lige nu kan kunderv f.eks. k칮be et klippekort til drinks og derfra ved vi ikke hvilke drinks kunderne bruger det til. Kunderne betaler for klippekortet, men ikke kan ""k칮be"" drinksne for 0kr.","Vi bruger iZettle Go og det kunne v칝re fedt hvis vi kunne lave automatisk m칝ngderabat, f.eks. ved k칮b af 3 genstande fra drinks-kategorien i vores menu"
2019-06-14 15:45:52 UTC,2019-06-14 15:48:42 UTC,completed,windows,Chrome 74.0.3729.169,85c21880-6fd4-11e8-a904-b2033bf29735,3M,DK,email,crm,EU_DK_SRV_ALL_ALL_EML_GFB-SurveyYearlyCheck Version 2,Min bank,10,10,5,5,5,5,NA,NA,5,5,5,5,Bogf칮ringsv칝rkt칮jer, Fakturering,Kassesystem,,"Tilbeh칮r til kassen (f.eks. kvitteringsprinter, stregkodescanner m.m.)",,Kortl칝ser,,,,,Intet,Ingen
2019-06-15 04:40:57 UTC,2019-06-15 04:46:57 UTC,completed,windows,Chrome 75.0.3770.90,460acd78-47af-11e9-869c-9097d647303f,3M,DK,email,crm,EU_DK_SRV_ALL_ALL_EML_GFB-Survey3MonthsCheck Version 2,Onlinereklamer,10,10,5,5,5,3,5,5,5,5,5,5,,,Kassesystem,,,,Kortl칝ser,,,,,ok,ok
2019-06-16 05:55:34 UTC,2019-06-16 05:58:49 UTC,completed,ios,Safari 12.1.1,9fac7566-4895-11e9-a66d-eb53ffa8917c,3M,DK,email,crm,EU_DK_SRV_ALL_ALL_EML_GFB-Survey3MonthsCheck Version 2,"Jeg betalte for noget med iZettle, eller s친 en anden g칮re det",10,10,5,5,5,5,5,5,5,5,5,5,, Fakturering,Kassesystem,,,,Kortl칝ser,,,,,Ingen,Ingen친
2019-06-16 18:58:41 UTC,2019-06-16 19:00:19 UTC,completed,ios,Safari 12.1.1,ddf6d374-49bd-11e9-9437-eef28a16f116,3M,DK,email,crm,EU_DK_SRV_ALL_ALL_EML_GFB-Survey3MonthsCheck Version 2,"Jeg betalte for noget med iZettle, eller s친 en anden g칮re det",7,7,3,4,4,4,3,4,4,4,4,3,,,Kassesystem,,,,,,,,,Ok,?
2019-06-17 07:03:54 UTC,2019-06-17 07:07:30 UTC,completed,windows,Chrome 74.0.3729.169,276533ac-4955-11e9-ac90-44ef2aba51ba,3M,DK,email,crm,EU_DK_SRV_ALL_ALL_EML_GFB-Survey3MonthsCheck Version 2,Internets칮gning (Google),7,5,5,5,5,5,3,1,4,4,4,4,,,Kassesystem,,,,Kortl칝ser,,,,,"Jeg kan ikke bruge izettle n친r jeg har betaling ved bordene idet min kvittering kommer ud igennem mit kasseapperat oppe i baren, har derfor v칝ret n칮dt til at skaffe mig en kortl칝ser hos nets",samme svar som jeg svarede p친 sidste sp칮rgsm친l
2019-06-18 08:49:41 UTC,2019-06-18 08:53:01 UTC,completed,windows,Microsoft Edge 18.17763,1cb036de-4962-11e9-917d-dc431d09d426,3M,DK,email,crm,EU_DK_SRV_ALL_ALL_EML_GFB-Survey3MonthsCheck Version 2,Jeg fik anbefalet iZettle,9,9,4,4,5,4,4,4,4,4,4,4,Bogf칮ringsv칝rkt칮jer,,Kassesystem,,"Tilbeh칮r til kassen (f.eks. kvitteringsprinter, stregkodescanner m.m.)",V칝rkt칮jer til lagerstyring,Kortl칝ser,,,,,Alt fungerer perfekt!,Ved ikke
2019-06-18 21:52:13 UTC,2019-06-18 21:55:13 UTC,completed,ios,Safari 12.1.1,555210c0-7311-11e8-b9f8-91de60fe3014,3M,DK,email,crm,EU_DK_SRV_ALL_ALL_EML_GFB-SurveyYearlyCheck Version 2,Internets칮gning (Google),9,9,4,4,NA,4,2,3,2,2,2,3,,,Kassesystem,,,,Kortl칝ser,,, V칝rkt칮jer til at f칮lge og analysere salg,,Ringe Batteritid,.
2019-06-20 16:10:49 UTC,2019-06-20 16:12:11 UTC,completed,ios,Safari 12.1.1,22002080-7466-11e8-8117-df382656d5d9,3M,DK,email,crm,EU_DK_SRV_ALL_ALL_EML_GFB-SurveyYearlyCheck Version 2,"Jeg betalte for noget med iZettle, eller s친 en anden g칮re det",8,8,2,3,NA,5,5,5,5,5,4,5,Bogf칮ringsv칝rkt칮jer,,,,,,Kortl칝ser,,,,,'-,'-
2019-06-21 16:07:36 UTC,2019-06-21 16:11:24 UTC,completed,android,Chrome 75.0.3770.89,fe414870-7543-11e8-9c5e-84ee07493a75,3M,DK,email,crm,EU_DK_SRV_ALL_ALL_EML_GFB-SurveyYearlyCheck Version 2,Jeg fik anbefalet iZettle,6,8,4,3,3,4,4,4,4,4,3,4,Bogf칮ringsv칝rkt칮jer,,Kassesystem,,"Tilbeh칮r til kassen (f.eks. kvitteringsprinter, stregkodescanner m.m.)",V칝rkt칮jer til lagerstyring,Kortl칝ser,,, V칝rkt칮jer til at f칮lge og analysere salg,,Prisen. Vi betaler en fast procentdel af bel칮bet. Vi burde betale en procentdel af vores fortjeneste.,I
2019-06-22 05:56:29 UTC,2019-06-22 05:59:07 UTC,completed,ios,Safari 12.1.1,2c8ccb1c-4d40-11e9-97ab-570bbe289f2c,3M,DK,email,crm,EU_DK_SRV_ALL_ALL_EML_GFB-Survey3MonthsCheck Version 2,Jeg fik anbefalet iZettle,10,10,5,5,5,5,5,5,5,5,5,5,Bogf칮ringsv칝rkt칮jer,,,,,,,,,,,.,.
2019-06-22 16:50:19 UTC,2019-06-22 16:51:59 UTC,completed,ios,Safari 12.0,c81be6c0-75f1-11e8-ac14-9a53fa838013,3M,DK,email,crm,EU_DK_SRV_ALL_ALL_EML_GFB-SurveyYearlyCheck Version 2,"Jeg betalte for noget med iZettle, eller s친 en anden g칮re det",5,6,3,3,2,1,4,3,2,3,1,1,,,Kassesystem,,,,Kortl칝ser,,,,,,
2019-06-23 21:00:47 UTC,2019-06-23 21:05:56 UTC,completed,mac,Chrome 74.0.3729.169,c3213be0-74c3-11e8-b5f5-3d6a1c8d8792,3M,DK,email,crm,EU_DK_SRV_ALL_ALL_EML_GFB-SurveyYearlyCheck Version 2,Internets칮gning (Google),6,5,NA,2,2,2,3,3,4,4,NA,NA,,,Kassesystem,,"Tilbeh칮r til kassen (f.eks. kvitteringsprinter, stregkodescanner m.m.)",V칝rkt칮jer til lagerstyring,Kortl칝ser,,,,,"'- Tekster p친 engelsk i iZettle Pro
- Integration til Dinero i iZettle - men ikke i iZettle Pro","At I 칝ndrer mine utilfredsheder, som netop angivet!"
2019-06-24 05:48:28 UTC,2019-06-24 05:54:55 UTC,completed,windows,Chrome 74.0.3729.169,8b007910-7716-11e8-9891-087b46dcd2d7,3M,DK,email,crm,EU_DK_SRV_ALL_ALL_EML_GFB-SurveyYearlyCheck Version 2,Jeg fik anbefalet iZettle,7,8,3,5,3,5,NA,5,4,5,NA,5,,,,,"Tilbeh칮r til kassen (f.eks. kvitteringsprinter, stregkodescanner m.m.)",V칝rkt칮jer til lagerstyring,Kortl칝ser,,, V칝rkt칮jer til at f칮lge og analysere salg,,"p친 samsung kan man lave en titel og ved biblioteket se b친de titel og pris. P친 apple kan man kun se titel. Det blev et stort problem, da alting kun var tastet med pris og ved en opdatering fik alle varer tilf칮jet en titel. Det bet칮d at jeg har m친tte give alle vare ny titel, som ogs친 indeholder pris. Det er en besv칝rlig og un칮dig arbejdsindsats. Jeg ville gerne kunne se b친de titel og pris som p친 samsungenheder",at den kan kombineres med e-conomic
2019-06-24 08:47:43 UTC,2019-06-24 08:51:20 UTC,completed,windows,Chrome 75.0.3770.100,1af0240c-4ef9-11e9-b942-827dc9181c5e,3M,DK,email,crm,EU_DK_SRV_ALL_ALL_EML_GFB-Survey3MonthsCheck Version 2,Internets칮gning (Google),9,10,5,4,5,3,5,5,5,5,3,5,Bogf칮ringsv칝rkt칮jer, Fakturering,Kassesystem,,"Tilbeh칮r til kassen (f.eks. kvitteringsprinter, stregkodescanner m.m.)",V칝rkt칮jer til lagerstyring,Kortl칝ser,,, V칝rkt칮jer til at f칮lge og analysere salg,,"Det eneste der kunne v칝re rart, ville v칝re en tilf칮jelse af at kunne se salg o.s.v. p친 ugebasis. Ellers er i dygtige!",Fint
2019-06-25 20:53:27 UTC,2019-06-25 20:58:59 UTC,completed,android,Chrome 75.0.3770.101,90654a80-3ebb-11e9-95a0-7b8d599c14c9,3M,DK,email,crm,EU_DK_SRV_ALL_ALL_EML_GFB-Survey3MonthsCheck Version 2,Internets칮gning (Google),8,10,5,5,4,5,NA,3,5,5,NA,4,,,Kassesystem,,"Tilbeh칮r til kassen (f.eks. kvitteringsprinter, stregkodescanner m.m.)",V칝rkt칮jer til lagerstyring,Kortl칝ser,,V칝rkt칮jer til personalestyring, V칝rkt칮jer til at f칮lge og analysere salg,,Intet indtil videre,iZettle Pro samarbejde med regnskabs program
2019-06-26 19:02:47 UTC,2019-06-26 19:06:24 UTC,completed,ios,Chrome 74.0.3729.155,410dfbf0-511a-11e9-89f8-ed4cd204ad57,3M,DK,email,crm,EU_DK_SRV_ALL_ALL_EML_GFB-Survey3MonthsCheck Version 2,Jeg fik anbefalet iZettle,9,9,4,5,5,5,NA,NA,5,4,4,4,, Fakturering,Kassesystem,,"Tilbeh칮r til kassen (f.eks. kvitteringsprinter, stregkodescanner m.m.)",,Kortl칝ser,,,,,Jeg kunne 칮nske at procent delen pr. Transaktion var lidt mindre,0
2019-06-28 08:25:51 UTC,2019-06-28 08:29:46 UTC,completed,ios,Safari 12.1.1,b7f34500-7a3c-11e8-a398-8bb7ceef269a,3M,DK,email,crm,EU_DK_SRV_ALL_ALL_EML_GFB-SurveyYearlyCheck Version 2,"Jeg betalte for noget med iZettle, eller s친 en anden g칮re det",10,10,5,5,5,5,5,5,5,5,5,5,Bogf칮ringsv칝rkt칮jer, Fakturering,Kassesystem,,"Tilbeh칮r til kassen (f.eks. kvitteringsprinter, stregkodescanner m.m.)",V칝rkt칮jer til lagerstyring,Kortl칝ser,,V칝rkt칮jer til personalestyring, V칝rkt칮jer til at f칮lge og analysere salg,,Er fuldt tilfreds,Jeg mangler ikke noget
2019-06-29 18:39:53 UTC,2019-06-29 18:43:27 UTC,completed,ios,Chrome 75.0.3770.85,18a49b78-538c-11e9-9b4f-f26c454819dc,3M,DK,email,crm,EU_DK_SRV_ALL_ALL_EML_GFB-Survey3MonthsCheck Version 2,Internets칮gning (Google),10,10,5,5,5,5,5,5,5,5,NA,5,Bogf칮ringsv칝rkt칮jer, Fakturering,Kassesystem,Virksomhedsfinansiering,"Tilbeh칮r til kassen (f.eks. kvitteringsprinter, stregkodescanner m.m.)",V칝rkt칮jer til lagerstyring,Kortl칝ser,,V칝rkt칮jer til personalestyring, V칝rkt칮jer til at f칮lge og analysere salg,,Intet det k칝rer bare og var super let at s칝tte op,Intet
2019-07-01 08:46:36 UTC,2019-07-01 08:52:16 UTC,completed,windows,Chrome 74.0.3729.131,9b6e19ae-53e5-11e9-ac61-90267537d0ee,3M,DK,email,crm,EU_DK_SRV_ALL_ALL_EML_GFB-Survey3MonthsCheck Version 2,Jeg fik anbefalet iZettle,8,4,2,4,3,1,NA,NA,3,NA,NA,NA,,,,,,,Kortl칝ser,,,,,Synes betalingerne er alt for l칝nge om at komme. Det burde kunne lade sig g칮re de kom samme dag. Og s친 synes jeg Jeres gebyr er ALT for h칮jt.,Ved ikke.
2019-07-01 18:51:42 UTC,2019-07-01 18:53:03 UTC,completed,android,Chrome 67.0.3396.87,38d2dc28-5578-11e9-9f93-76fa5fba69ee,3M,DK,email,crm,EU_DK_SRV_ALL_ALL_EML_GFB-Survey3MonthsCheck Version 2,"Jeg betalte for noget med iZettle, eller s친 en anden g칮re det",10,10,5,5,3,2,5,5,5,5,1,1,Bogf칮ringsv칝rkt칮jer,,Kassesystem,Virksomhedsfinansiering,,V칝rkt칮jer til lagerstyring,Kortl칝ser,,, V칝rkt칮jer til at f칮lge og analysere salg,,Nope,Nope
2019-07-02 08:06:58 UTC,2019-07-02 08:10:56 UTC,completed,windows,Chrome 75.0.3770.100,3665cc90-5526-11e9-b1cf-896452a6da54,3M,DK,email,crm,EU_DK_SRV_ALL_ALL_EML_GFB-Survey3MonthsCheck Version 2,Jeg fik anbefalet iZettle,10,10,5,5,5,5,5,5,5,5,5,5,,,,,"Tilbeh칮r til kassen (f.eks. kvitteringsprinter, stregkodescanner m.m.)",,Kortl칝ser,,,,,ikke noget,ikke noget
2019-07-02 17:26:21 UTC,2019-07-02 17:30:15 UTC,completed,android,Chrome 75.0.3770.101,94cd6110-7e19-11e8-929a-e2108ff46c5a,3M,DK,email,crm,EU_DK_SRV_ALL_ALL_EML_GFB-SurveyYearlyCheck Version 2,"Jeg betalte for noget med iZettle, eller s친 en anden g칮re det",9,9,5,5,5,5,5,3,4,4,5,5,Bogf칮ringsv칝rkt칮jer, Fakturering,Kassesystem,,,,Kortl칝ser,,,,,Er godt tilfreds,Ikke lige nu
2019-07-03 06:30:50 UTC,2019-07-03 06:33:12 UTC,completed,windows,Microsoft Edge 18.17763,62d09d08-55ff-11e9-9c4d-8114d2473e12,3M,DK,email,crm,EU_DK_SRV_ALL_ALL_EML_GFB-Survey3MonthsCheck Version 2,"Jeg betalte for noget med iZettle, eller s친 en anden g칮re det",8,8,5,3,4,4,3,3,4,4,NA,4,, Fakturering,Kassesystem,,"Tilbeh칮r til kassen (f.eks. kvitteringsprinter, stregkodescanner m.m.)",V칝rkt칮jer til lagerstyring,Kortl칝ser,,, V칝rkt칮jer til at f칮lge og analysere salg,,nej,nej
2019-07-03 21:33:37 UTC,2019-07-03 21:35:57 UTC,completed,mac,Safari 12.1.1,483f42d2-56a9-11e9-97eb-c3fe3b6cc428,3M,DK,email,crm,EU_DK_SRV_ALL_ALL_EML_GFB-Survey3MonthsCheck Version 2,Jeg fik anbefalet iZettle,10,10,5,NA,5,5,NA,5,5,5,NA,5,Bogf칮ringsv칝rkt칮jer, Fakturering,,,"Tilbeh칮r til kassen (f.eks. kvitteringsprinter, stregkodescanner m.m.)",,Kortl칝ser,,,,,umiddelbart er der intet,fungere fint
2019-07-04 10:01:13 UTC,2019-07-04 10:09:29 UTC,completed,windows,Chrome 75.0.3770.100,ec60abcc-56e4-11e9-a490-af9fb907acb9,3M,DK,email,crm,EU_DK_SRV_ALL_ALL_EML_GFB-Survey3MonthsCheck Version 2,Internets칮gning (Google),9,9,4,4,4,4,NA,NA,4,4,4,5,Bogf칮ringsv칝rkt칮jer,,Kassesystem,,,,Kortl칝ser,,, V칝rkt칮jer til at f칮lge og analysere salg,,"Det eneste jeg har et problem med er at jeg p친 mit hotel ikke kan h칝ve fra no show kunder, selv om har deres creditcard detaljer, det ville jeg kunne med konto hos NETS.","Det samme som f칮r med at h칝ve p친 Hotel kunders creditcard, n친r de annullere for sent eller laver no show, og skal afkr칝ves for en nat,
det kan ikke lade sig g칮re med IZettle."
2019-07-04 13:24:36 UTC,2019-07-04 13:28:34 UTC,completed,ios,Safari 12.0,b8f764a0-7ec8-11e8-95c5-3af980749649,3M,DK,email,crm,EU_DK_SRV_ALL_ALL_EML_GFB-SurveyYearlyCheck Version 2,"Jeg betalte for noget med iZettle, eller s친 en anden g칮re det",10,10,5,4,5,5,5,5,5,5,2,1,Bogf칮ringsv칝rkt칮jer,,Kassesystem,,"Tilbeh칮r til kassen (f.eks. kvitteringsprinter, stregkodescanner m.m.)",V칝rkt칮jer til lagerstyring,Kortl칝ser,,,,,"Det er dejligt, men dyrt.",Ingen
2019-07-04 18:39:01 UTC,2019-07-04 18:42:10 UTC,completed,mac,Safari 12.1.1,b9c64448-57bf-11e9-bfc0-c029dfdc67f3,3M,DK,email,crm,EU_DK_SRV_ALL_ALL_EML_GFB-Survey3MonthsCheck Version 2,Jeg fik anbefalet iZettle,7,9,5,3,3,5,3,5,3,5,NA,5,,,Kassesystem,,"Tilbeh칮r til kassen (f.eks. kvitteringsprinter, stregkodescanner m.m.)",,Kortl칝ser,,,,,"Nogle kort bliver afvist n친r kunder bruger den tr친dl칮se funktion, men er ok n친r man pr칮ver at bruge chippen.",N칝h
2019-07-05 06:54:47 UTC,2019-07-05 06:56:49 UTC,completed,windows,Chrome 75.0.3770.100,6465f158-57a4-11e9-a750-39a7653754d0,3M,DK,email,crm,EU_DK_SRV_ALL_ALL_EML_GFB-Survey3MonthsCheck Version 2,Jeg fik anbefalet iZettle,9,9,4,4,4,4,4,4,4,4,4,4,,,Kassesystem,,"Tilbeh칮r til kassen (f.eks. kvitteringsprinter, stregkodescanner m.m.)",,Kortl칝ser,,, V칝rkt칮jer til at f칮lge og analysere salg,,intet,친bne kasse manuel hvis forbindelsen mistes
2019-07-06 15:13:42 UTC,2019-07-06 15:16:03 UTC,completed,android,Chrome 75.0.3770.101,c4efc49e-5890-11e9-b29d-863e161cea44,3M,DK,email,crm,EU_DK_SRV_ALL_ALL_EML_GFB-Survey3MonthsCheck Version 2,Jeg fik anbefalet iZettle,9,8,NA,5,5,5,NA,NA,3,3,3,4,,,,,"Tilbeh칮r til kassen (f.eks. kvitteringsprinter, stregkodescanner m.m.)",V칝rkt칮jer til lagerstyring,Kortl칝ser,,,,,Det er ikke noget 游뗷,
2019-07-08 21:47:10 UTC,2019-07-08 21:56:48 UTC,completed,android,Chrome 75.0.3770.101,b93957e4-5afe-11e9-8281-3dcba9edb13a,3M,DK,email,crm,EU_DK_SRV_ALL_ALL_EML_GFB-Survey3MonthsCheck Version 2,Jeg fik anbefalet iZettle,8,8,5,5,4,4,4,5,3,4,4,3,Bogf칮ringsv칝rkt칮jer, Fakturering,Kassesystem,,"Tilbeh칮r til kassen (f.eks. kvitteringsprinter, stregkodescanner m.m.)",V칝rkt칮jer til lagerstyring,Kortl칝ser,,V칝rkt칮jer til personalestyring, V칝rkt칮jer til at f칮lge og analysere salg,,"forbindelsen mellem min mobiltelefon (izettle via bluetooth) og kortl칝ser 2. Ved  ca. hver 3. betaling, m친 jeg slukke alt og starte op igen, f칮r jeg kan f친 kontakt til min kortl칝ser ??",det er der ikke pt.
2019-07-11 07:09:10 UTC,2019-07-11 07:15:27 UTC,completed,windows,Firefox 67.0,ff22284a-5b70-11e9-a625-f2e4d12856f0,3M,DK,email,crm,EU_DK_SRV_ALL_ALL_EML_GFB-Survey3MonthsCheck Version 2,Internets칮gning (Google),5,7,5,3,3,5,5,1,4,4,4,4,,,Kassesystem,,"Tilbeh칮r til kassen (f.eks. kvitteringsprinter, stregkodescanner m.m.)",,,,,,,"Det er utilfredstillende at vi kan se en kundes kontakt oplysninger p친 hver kvittering. 
Det er fint at kunden kan tage valget om anonymitet men det skal v칝re et valg og ikke at kun Izettle f친r e-mail og kontakt oplysninger...","Kundens telefon eller email skal p친f칮res kvitteringen men mindre at de specifikt siger nej tak.
Vi virker uproffessionelle n친r vi ikke kan finde en kvittering fra en kunde ved returnering af vare... kunderne siger selv ""men i fik jo mit telefon nummer/email"" ... og s친 skal vi forklare at det gjorde vi ikke men Izettle gjorde det og har s친gar ogs친 gemt den."
2019-07-11 07:47:38 UTC,2019-07-11 07:50:37 UTC,completed,ios,Safari 12.1.1,f6957430-82a3-11e8-8125-fca02925bb20,3M,DK,email,crm,EU_DK_SRV_ALL_ALL_EML_GFB-SurveyYearlyCheck Version 2,Jeg fik anbefalet iZettle,10,10,3,3,NA,NA,5,5,5,5,NA,NA,Bogf칮ringsv칝rkt칮jer, Fakturering,Kassesystem,,"Tilbeh칮r til kassen (f.eks. kvitteringsprinter, stregkodescanner m.m.)",V칝rkt칮jer til lagerstyring,Kortl칝ser,,V칝rkt칮jer til personalestyring, V칝rkt칮jer til at f칮lge og analysere salg,,"Opsummering af alt hvad jeres produkt kan, l칮bende...",游땎
2019-07-12 16:51:35 UTC,2019-07-12 16:53:53 UTC,completed,ios,Safari 12.1,41668640-5d08-11e9-b264-24e411767661,3M,DK,email,crm,EU_DK_SRV_ALL_ALL_EML_GFB-Survey3MonthsCheck Version 2,Jeg fik anbefalet iZettle,8,8,3,3,NA,5,5,5,4,4,NA,4,, Fakturering,Kassesystem,,,,Kortl칝ser,,,,,Jeg ville gerne have en bedre oversigt over gebyrer til brug for bogf칮ring.,Som n칝vnt vil jeg gerne have bedre overblik over gebyrer.
2019-07-13 11:10:39 UTC,2019-07-13 11:13:13 UTC,completed,windows,Microsoft Edge 17.17134,068a1c60-85a6-11e8-9a8e-e453cb5260ba,3M,DK,email,crm,EU_DK_SRV_ALL_ALL_EML_GFB-SurveyYearlyCheck Version 2,Jeg fik anbefalet iZettle,7,8,5,4,4,3,4,4,5,3,4,3,,,,,,,Kortl칝ser,,,,,for dyrt,ved det ikke
2019-07-13 15:55:35 UTC,2019-07-13 15:59:17 UTC,completed,ios,Safari 12.1.1,4fe1c630-8667-11e8-a2f2-0e59c83134b9,3M,DK,email,crm,EU_DK_SRV_ALL_ALL_EML_GFB-SurveyYearlyCheck Version 2,Jeg fik anbefalet iZettle,9,10,3,3,4,4,NA,NA,4,4,NA,4,,,,,"Tilbeh칮r til kassen (f.eks. kvitteringsprinter, stregkodescanner m.m.)",,Kortl칝ser,,, V칝rkt칮jer til at f칮lge og analysere salg,,./.,./.
2019-07-13 18:40:40 UTC,2019-07-13 18:44:23 UTC,completed,ios,Safari 12.1.1,4e551da4-5ee7-11e9-a412-67f6c57ec7f1,3M,DK,email,crm,EU_DK_SRV_ALL_ALL_EML_GFB-Survey3MonthsCheck Version 2,Jeg fik anbefalet iZettle,8,8,4,5,4,4,NA,NA,4,4,4,5,Bogf칮ringsv칝rkt칮jer, Fakturering,Kassesystem,Virksomhedsfinansiering,"Tilbeh칮r til kassen (f.eks. kvitteringsprinter, stregkodescanner m.m.)",V칝rkt칮jer til lagerstyring,Kortl칝ser,Tilf칮jelser i form af loyalitets- og CRM-ydelser,V칝rkt칮jer til personalestyring, V칝rkt칮jer til at f칮lge og analysere salg, Ingen af ovenst친ende,??,??
2019-07-14 18:49:16 UTC,2019-07-14 18:57:43 UTC,completed,ios,Safari 10.0,50b1731e-5f63-11e9-be3a-183e989ae48b,3M,DK,email,crm,EU_DK_SRV_ALL_ALL_EML_GFB-Survey3MonthsCheck Version 2,"Jeg betalte for noget med iZettle, eller s친 en anden g칮re det",8,10,4,5,3,4,NA,5,5,NA,NA,NA,,,Kassesystem,,"Tilbeh칮r til kassen (f.eks. kvitteringsprinter, stregkodescanner m.m.)",V칝rkt칮jer til lagerstyring,Kortl칝ser,,, V칝rkt칮jer til at f칮lge og analysere salg,,"Bogf칮ringsvejledning
Personlig support",Refunderings fleksibilitet
2019-07-15 18:43:12 UTC,2019-07-15 18:47:15 UTC,completed,android,Chrome 75.0.3770.101,c6174a36-6092-11e9-ac88-2080f20d7a1d,3M,DK,email,crm,EU_DK_SRV_ALL_ALL_EML_GFB-Survey3MonthsCheck Version 2,Internets칮gning (Google),6,3,NA,NA,NA,1,5,5,5,1,NA,5,Bogf칮ringsv칝rkt칮jer, Fakturering,Kassesystem,,"Tilbeh칮r til kassen (f.eks. kvitteringsprinter, stregkodescanner m.m.)",,Kortl칝ser,,,,,"H칮j rente, sl칮v udbetaling til min konto","Gratis udstyr idet i tager s친 h칮je renter. Jeg er ved at skifte, grundet jeres h칮je renter"
2019-07-17 15:19:38 UTC,2019-07-17 15:23:20 UTC,completed,ios,Chrome 75.0.3770.103,b944ff00-89b6-11e8-a5e4-28b986e91fdb,3M,DK,email,crm,EU_DK_SRV_ALL_ALL_EML_GFB-SurveyYearlyCheck Version 2,"Jeg betalte for noget med iZettle, eller s친 en anden g칮re det",10,10,4,5,3,5,3,5,5,5,5,3,,,,,,,Kortl칝ser,,,,,Nej,Ingen
2019-07-17 15:30:37 UTC,2019-07-17 15:34:46 UTC,completed,ios,Safari 12.1.1,098e25c0-89a5-11e8-94bd-43ed19a78919,3M,DK,email,crm,EU_DK_SRV_ALL_ALL_EML_GFB-SurveyYearlyCheck Version 2,Jeg fik anbefalet iZettle,8,8,5,5,4,4,3,3,3,4,3,4,,,,,,,Kortl칝ser,,,,,"Kan ikke komme i kontakt med support om aftenen, n친r min kortl칝ser ikke virker, det er noget h칮",Manglende support i aftentimerne
2019-07-18 19:12:04 UTC,2019-07-18 19:14:08 UTC,completed,android,Chrome 75.0.3770.143,4fa3b278-62c6-11e9-b2f5-0b4a73c72338,3M,DK,email,crm,EU_DK_SRV_ALL_ALL_EML_GFB-Survey3MonthsCheck Version 2,Internets칮gning (Google),8,10,5,5,3,5,NA,5,3,4,NA,5,, Fakturering,Kassesystem,,"Tilbeh칮r til kassen (f.eks. kvitteringsprinter, stregkodescanner m.m.)",V칝rkt칮jer til lagerstyring,Kortl칝ser,Tilf칮jelser i form af loyalitets- og CRM-ydelser,, V칝rkt칮jer til at f칮lge og analysere salg,,Kortl칝ser har nogle glitches der kan v칝re meget irriterende n친r man st친r med en kunde,Ingen
2019-07-21 13:54:26 UTC,2019-07-21 13:57:15 UTC,completed,windows,Chrome 75.0.3770.142,32851f30-8b5b-11e8-9038-282027f1cf2f,3M,DK,email,crm,EU_DK_SRV_ALL_ALL_EML_GFB-SurveyYearlyCheck Version 2,Sociale medier,7,7,NA,4,NA,4,NA,3,5,4,4,NA,Bogf칮ringsv칝rkt칮jer, Fakturering,Kassesystem,,"Tilbeh칮r til kassen (f.eks. kvitteringsprinter, stregkodescanner m.m.)",V칝rkt칮jer til lagerstyring,Kortl칝ser,,, V칝rkt칮jer til at f칮lge og analysere salg,,.,.
2019-07-23 17:47:09 UTC,2019-07-23 17:49:19 UTC,completed,windows,Microsoft Edge 17.17134,a1e8b902-6334-11e9-aafe-339c49d2d0dc,3M,DK,email,crm,EU_DK_SRV_ALL_ALL_EML_GFB-Survey3MonthsCheck Version 2,ven,7,8,NA,NA,NA,3,NA,NA,3,4,NA,NA,,,Kassesystem,,"Tilbeh칮r til kassen (f.eks. kvitteringsprinter, stregkodescanner m.m.)",,Kortl칝ser,,,,,Jeg er specielt utilfreds med manglende mulighed for at kunne modtage betaling i andre valutaer. Det er noget m칮j n친r man arbejder med turister.,At kunne betale med andre valutaer end DKK
2019-07-23 19:51:35 UTC,2019-07-23 19:54:40 UTC,completed,ios,Safari 12.1.1,d51e0420-8e42-11e8-8766-5f4aaaca0eeb,3M,DK,email,crm,EU_DK_SRV_ALL_ALL_EML_GFB-SurveyYearlyCheck Version 2,Jeg fik anbefalet iZettle,8,10,NA,NA,NA,NA,5,5,5,3,NA,NA,Bogf칮ringsv칝rkt칮jer,,Kassesystem,,,,Kortl칝ser,,, V칝rkt칮jer til at f칮lge og analysere salg,,.,At man kan modtage alle kort typer
2019-07-24 07:48:50 UTC,2019-07-24 07:51:49 UTC,completed,mac,Chrome 74.0.3729.169,cf2407a0-8e46-11e8-84b9-dca3d55ac266,3M,DK,email,crm,EU_DK_SRV_ALL_ALL_EML_GFB-SurveyYearlyCheck Version 2,Jeg fik anbefalet iZettle,9,9,5,5,NA,5,NA,NA,5,5,NA,4,Bogf칮ringsv칝rkt칮jer, Fakturering,Kassesystem,,,V칝rkt칮jer til lagerstyring,Kortl칝ser,,,,,Ikke utilfreds,Ingen
2019-07-24 18:55:23 UTC,2019-07-24 19:00:15 UTC,completed,android,Chrome 75.0.3770.143,89cf84b2-6727-11e9-a657-ef9741bfec8d,3M,DK,email,crm,EU_DK_SRV_ALL_ALL_EML_GFB-Survey3MonthsCheck Version 2,Sociale medier,9,9,4,4,5,5,3,NA,5,5,5,NA,,,Kassesystem,,"Tilbeh칮r til kassen (f.eks. kvitteringsprinter, stregkodescanner m.m.)",V칝rkt칮jer til lagerstyring,Kortl칝ser,,,,,Na,"Personligt ville jeg gerne k칮re kassen fra min Mac istedet for via mobil, nu skal jeg b친de registrere i mit booking system (planway.com) som vist ogs친 har en kasse l칮sning, det ville v칝re fedt hvis det hele talte sammen 游땕"
2019-07-26 18:43:38 UTC,2019-07-26 18:52:20 UTC,completed,ios,Safari 12.1.1,59123434-692d-11e9-b972-da9bb40661dd,3M,DK,email,crm,EU_DK_SRV_ALL_ALL_EML_GFB-Survey3MonthsCheck Version 2,Sociale medier,9,10,4,4,4,4,4,4,5,4,4,4,Bogf칮ringsv칝rkt칮jer,,,Virksomhedsfinansiering,,,,,V칝rkt칮jer til personalestyring, V칝rkt칮jer til at f칮lge og analysere salg,,Overordnet er jeg meget tilfreds med iZettle. Jeg har ikke brugt den lang nok til at komme end en legitim utilfredshed,"Jeg mangler at kunne se hvad de forskellige salgssteder under same konto, individuelt oms칝tter for om dagen."
2019-07-27 18:47:46 UTC,2019-07-27 18:52:15 UTC,completed,windows,Firefox 68.0,42d24058-69a8-11e9-a935-64c60b3096e2,3M,DK,email,crm,EU_DK_SRV_ALL_ALL_EML_GFB-Survey3MonthsCheck Version 2,"Jeg betalte for noget med iZettle, eller s친 en anden g칮re det",7,5,5,5,NA,5,NA,NA,5,4,2,5,Bogf칮ringsv칝rkt칮jer, Fakturering,Kassesystem,,,,Kortl칝ser,,,,,"Har oplevet nogle gange at en betaling er blevet afvist, men kunden alligevel blevet trukket for bel칮bet p친 sin konto, men vi har ikke modtaget noget. Er absolut IKKE tilfredsstillende",kan ikke besvares for indev칝rende
2019-07-29 10:34:40 UTC,2019-07-29 10:37:55 UTC,completed,windows,Internet Explorer 11.0,b3783710-924c-11e8-9919-cb91c0a32503,3M,DK,email,crm,EU_DK_SRV_ALL_ALL_EML_GFB-SurveyYearlyCheck Version 2,Jeg fik anbefalet iZettle,9,9,5,5,NA,NA,NA,NA,5,5,3,5,,,Kassesystem,,"Tilbeh칮r til kassen (f.eks. kvitteringsprinter, stregkodescanner m.m.)",,Kortl칝ser,,,,,Syntes at gebyret er lidt h칮jt ifht. n친r kunderne betaler med mobile pay,x
2019-07-29 19:46:16 UTC,2019-07-29 19:48:40 UTC,completed,windows,Firefox 68.0,8463efc6-69c1-11e9-bbd6-9452e59ccfec,3M,DK,email,crm,EU_DK_SRV_ALL_ALL_EML_GFB-Survey3MonthsCheck Version 2,Jeg fik anbefalet iZettle,7,8,3,NA,NA,3,NA,NA,NA,3,NA,5,,,,,,,Kortl칝ser,,,,,Desv칝rre ikke noget I formentlig kan g칮re noget ved - d친rlig mobild칝kning:-(,ingen
2019-08-01 12:06:19 UTC,2019-08-01 12:08:02 UTC,completed,mac,Safari 12.1.1,f883ee90-943a-11e8-93a1-f75408790f37,3M,DK,email,crm,EU_DK_SRV_ALL_ALL_EML_GFB-SurveyYearlyCheck Version 2,Sociale medier,10,10,5,5,5,5,5,5,5,5,3,3,,,Kassesystem,,"Tilbeh칮r til kassen (f.eks. kvitteringsprinter, stregkodescanner m.m.)",,Kortl칝ser,,,,,Jeg har faktisk kun godt at sige om iZettle,?
2019-08-02 08:52:28 UTC,2019-08-02 08:56:40 UTC,completed,ios,Safari 12.1.1,6f05e530-9497-11e8-b823-fce286745061,3M,DK,email,crm,EU_DK_SRV_ALL_ALL_EML_GFB-SurveyYearlyCheck Version 2,Internets칮gning (Google),10,10,5,5,5,5,5,5,5,5,5,5,Bogf칮ringsv칝rkt칮jer, Fakturering,Kassesystem,,,V칝rkt칮jer til lagerstyring,Kortl칝ser,,V칝rkt칮jer til personalestyring,,,Er meget tilfreds i forhold til vores butik,Nej
2019-08-04 18:48:50 UTC,2019-08-04 18:52:49 UTC,completed,ios,Safari 12.1.1,93110e10-6fe7-11e9-9194-3cca0c185e29,3M,DK,email,crm,EU_DK_SRV_ALL_ALL_EML_GFB-Survey3MonthsCheck Version 2,Jeg fik anbefalet iZettle,10,10,5,5,5,5,5,5,5,5,5,5,,,,,,,,,, V칝rkt칮jer til at f칮lge og analysere salg,,Jeg er tilfreds,Ingen
2019-08-05 18:00:31 UTC,2019-08-05 18:03:13 UTC,completed,ios,Safari 12.1.1,aab587e0-9896-11e8-95e8-14e2bccf3196,3M,DK,email,crm,EU_DK_SRV_ALL_ALL_EML_GFB-SurveyYearlyCheck Version 2,Jeg fik anbefalet iZettle,7,7,4,4,3,3,3,4,4,4,3,3,,,,,"Tilbeh칮r til kassen (f.eks. kvitteringsprinter, stregkodescanner m.m.)",,Kortl칝ser,,,,,Pris pr betaling,Nej
2019-08-05 20:50:43 UTC,2019-08-05 21:01:43 UTC,completed,android,Chrome 75.0.3770.143,eb051800-98f1-11e8-8760-d0a5baf89465,3M,DK,email,crm,EU_DK_SRV_ALL_ALL_EML_GFB-SurveyYearlyCheck Version 2,"Jeg betalte for noget med iZettle, eller s친 en anden g칮re det",8,8,4,NA,4,4,3,4,3,5,4,4,,,Kassesystem,,,,Kortl칝ser,,,,,At iZettle kortl칝ser med Bluetooth heller tiden kobler fra min Android mobil. Det er irriterende at jeg n칝sten hver gang skal tilslutte kortl칝seren p친ny.,Ville 칮nske at min Android mobil kunne synkronisere/tilslutte sig automatisk.
2019-08-06 10:03:47 UTC,2019-08-06 10:07:35 UTC,completed,mac,Safari 12.1.2,5a133e10-987b-11e8-8835-e51e36e5d4f8,3M,DK,email,crm,EU_DK_SRV_ALL_ALL_EML_GFB-SurveyYearlyCheck Version 2,Sociale medier,9,8,5,4,3,5,4,5,5,5,3,5,Bogf칮ringsv칝rkt칮jer, Fakturering,Kassesystem,,"Tilbeh칮r til kassen (f.eks. kvitteringsprinter, stregkodescanner m.m.)",V칝rkt칮jer til lagerstyring,Kortl칝ser,,,,,Ikke noget - umiddelbart,Ikke noget pt
2019-08-06 19:22:59 UTC,2019-08-06 19:25:32 UTC,completed,mac,Safari 10.1.2,f3f7203a-7185-11e9-b3aa-d9fb4e4637a8,3M,DK,email,crm,EU_DK_SRV_ALL_ALL_EML_GFB-Survey3MonthsCheck Version 2,Jeg fik anbefalet iZettle,10,10,5,5,NA,5,NA,5,5,5,5,5,,,Kassesystem,,,,Kortl칝ser,,,,,det virker perfekt,Det jeg har brug for virker
2019-08-07 17:23:11 UTC,2019-08-07 17:26:01 UTC,completed,mac,Safari 12.1.1,21b1f636-6d8e-11e9-aa35-5fa490554698,3M,DK,email,crm,EU_DK_SRV_ALL_ALL_EML_GFB-Survey3MonthsCheck Version 2,Jeg fik anbefalet iZettle,7,7,5,5,5,5,NA,2,3,5,5,5,,,Kassesystem,,"Tilbeh칮r til kassen (f.eks. kvitteringsprinter, stregkodescanner m.m.)",V칝rkt칮jer til lagerstyring,Kortl칝ser,,,,,min ene kortl칝ser er meget ustabil og g친r desv칝rre meget ofte i st친,jeg mangler ikke  noget
2019-08-09 06:47:12 UTC,2019-08-09 06:54:00 UTC,completed,windows,Chrome 75.0.3770.142,dd85baf0-9ae4-11e8-9a3b-229bf0c11f71,3M,DK,email,crm,EU_DK_SRV_ALL_ALL_EML_GFB-SurveyYearlyCheck Version 2,Internets칮gning (Google),6,6,4,4,4,4,NA,NA,3,4,NA,3,,,Kassesystem,,"Tilbeh칮r til kassen (f.eks. kvitteringsprinter, stregkodescanner m.m.)",V칝rkt칮jer til lagerstyring,Kortl칝ser,,,,,"At procenten er s친 h칮j pr. betalende kunde. fx. hos mobilpay er der en fast pris 0,75 kr p친 pr. betalende kunde. 

Minus'et er at terminalen ikke tager imod kun DK Dankort. Det har jeg mistet mange kunder p친.",At tage imod DK Dankort
2019-08-09 16:09:27 UTC,2019-08-09 16:34:43 UTC,completed,ios,Safari 12.1.2,c3864670-9bab-11e8-b415-713aac3ef32b,3M,DK,email,crm,EU_DK_SRV_ALL_ALL_EML_GFB-SurveyYearlyCheck Version 2,Internets칮gning (Google),4,5,4,1,2,5,4,4,3,3,2,4,,,Kassesystem,,"Tilbeh칮r til kassen (f.eks. kvitteringsprinter, stregkodescanner m.m.)",V칝rkt칮jer til lagerstyring,Kortl칝ser,Tilf칮jelser i form af loyalitets- og CRM-ydelser,V칝rkt칮jer til personalestyring, V칝rkt칮jer til at f칮lge og analysere salg,,"I har GBP i jeres oversigter i steder for DKK for danske kunder - har p친peget det til support, men der er fortsat ikke sket noget... #StepItUp",N/A
2019-08-12 05:00:11 UTC,2019-08-12 05:01:50 UTC,completed,windows,Chrome 76.0.3809.100,47a0c0f0-9b95-11e8-a53b-0f61c107fc5a,3M,DK,email,crm,EU_DK_SRV_ALL_ALL_EML_GFB-SurveyYearlyCheck Version 2,Internets칮gning (Google),5,6,3,NA,NA,2,NA,NA,4,3,NA,3,,,Kassesystem,,"Tilbeh칮r til kassen (f.eks. kvitteringsprinter, stregkodescanner m.m.)",V칝rkt칮jer til lagerstyring,Kortl칝ser,Tilf칮jelser i form af loyalitets- og CRM-ydelser,, V칝rkt칮jer til at f칮lge og analysere salg,,At benytte systemet i udlandet,At modtage betalinger i udlandet
2019-08-15 15:48:07 UTC,2019-08-15 15:57:02 UTC,completed,windows,Opera 62.0.3331.116,b68b5f90-a0a7-11e8-ad38-b551cfc71a4d,3M,DK,email,crm,EU_DK_SRV_ALL_ALL_EML_GFB-SurveyYearlyCheck Version 2,Onlinereklamer,8,10,5,5,NA,5,5,3,3,5,2,3,,,Kassesystem,Virksomhedsfinansiering,"Tilbeh칮r til kassen (f.eks. kvitteringsprinter, stregkodescanner m.m.)",V칝rkt칮jer til lagerstyring,Kortl칝ser,,,,,Split betalinger. Mulighed for at modtage en del af betalingen kontant og resten p친 kort.,"Split betalinger, delvis betaling kontant og kort."
2019-08-19 05:46:57 UTC,2019-08-19 05:50:15 UTC,completed,ios,Safari 12.1.2,63b6569e-7ac2-11e9-a9d2-2719ad646408,3M,DK,email,crm,EU_DK_SRV_ALL_ALL_EML_GFB-Survey3MonthsCheck Version 2,Sociale medier,8,10,5,5,5,5,3,5,4,4,5,5,,,Kassesystem,,"Tilbeh칮r til kassen (f.eks. kvitteringsprinter, stregkodescanner m.m.)",V칝rkt칮jer til lagerstyring,Kortl칝ser,,,,,Jeg er godt tilfreds med systemet men synes at transaktionsgebyret er meget h칮jt.,Ikke hvad jeg er st칮dt p친
2019-08-20 03:23:39 UTC,2019-08-20 03:31:28 UTC,completed,mac,Safari 12.1.1,457c35b0-7ba1-11e9-9b59-5f6ef21032e6,3M,DK,email,crm,EU_DK_SRV_ALL_ALL_EML_GFB-Survey3MonthsCheck Version 2,fra min kasseterminal udbyder,8,6,5,5,NA,3,5,3,4,4,NA,1,,,Kassesystem,,,,Kortl칝ser,,,,,afregnings gebyret (%) er betragtlig h칮jer end alternative udbyder.,"Forskellig kode p친 ""retur betaling"" og indlog p친 iZettle konto."
2019-08-21 08:40:51 UTC,2019-08-21 08:45:39 UTC,completed,mac,Safari 12.1.1,d47d1450-a4ab-11e8-933b-a48c2af65a19,3M,DK,email,crm,EU_DK_SRV_ALL_ALL_EML_GFB-SurveyYearlyCheck Version 2,Onlinereklamer,10,10,5,5,4,5,5,5,5,5,5,5,,,Kassesystem,,"Tilbeh칮r til kassen (f.eks. kvitteringsprinter, stregkodescanner m.m.)",V칝rkt칮jer til lagerstyring,Kortl칝ser,,, V칝rkt칮jer til at f칮lge og analysere salg,,Jeg kunne godt t칝nke mig en lille manual der fulgte med der bestod af FAQ. Et eksempel kunne v칝re. Hvordan deler man en betaling p친 kasseapparat hvis den delvist betales kontant?,"Jeg er egentlig super tilfreds med Izettle, har dog endnu ikke fundet ud af hvordan man deler en betaling hvis kunden 칮nsker delvist at betale kontant. Kan systemet mon ikke h친ndtere det?"
2019-08-23 05:36:58 UTC,2019-08-23 05:39:44 UTC,completed,windows,Internet Explorer 11.0,93be84b0-a5cf-11e8-9318-dd9aa3eeeade,3M,DK,email,crm,EU_DK_SRV_ALL_ALL_EML_GFB-SurveyYearlyCheck Version 2,Internets칮gning (Google),8,8,4,5,3,5,4,3,4,4,4,4,,,Kassesystem,,"Tilbeh칮r til kassen (f.eks. kvitteringsprinter, stregkodescanner m.m.)",,Kortl칝ser,,,,,Intet,Integration til MobilePay
2019-08-23 10:05:40 UTC,2019-08-23 10:08:22 UTC,completed,mac,Chrome 76.0.3809.100,2a54cc98-7e08-11e9-b97c-b4163f515b39,3M,DK,email,crm,EU_DK_SRV_ALL_ALL_EML_GFB-Survey3MonthsCheck Version 2,Jeg fik anbefalet iZettle,8,10,5,5,5,5,NA,5,5,5,5,5,, Fakturering,Kassesystem,,,,Kortl칝ser,,, V칝rkt칮jer til at f칮lge og analysere salg,,"kunne v칝re smart, hvis der var en knap eller funktion, s친 free/gebyr automatisk bliver lagt oven i bel칮bet som kunden betaler, da vi tager ekstra gebyr ved brug af jeres l칮sning.?",.
2019-08-24 09:56:54 UTC,2019-08-24 10:07:56 UTC,completed,mac,Firefox 60.0,f03930e0-a6ed-11e8-b075-8970143a00d3,3M,DK,email,crm,EU_DK_SRV_ALL_ALL_EML_GFB-SurveyYearlyCheck Version 2,Sociale medier,8,8,4,5,4,4,5,5,5,5,4,4,,,Kassesystem,,"Tilbeh칮r til kassen (f.eks. kvitteringsprinter, stregkodescanner m.m.)",,Kortl칝ser,,,,,At det ikke kan samarbejde med andre systemer i form af webshops,At man kan udskrive/lave gavekort og tilgode bevis p친 kasseapp.
2019-08-24 16:18:04 UTC,2019-08-24 16:21:18 UTC,completed,ios,Safari 12.1.2,34eda4b0-a7ec-11e8-a970-4716e60c8f97,3M,DK,email,crm,EU_DK_SRV_ALL_ALL_EML_GFB-SurveyYearlyCheck Version 2,"Jeg betalte for noget med iZettle, eller s친 en anden g칮re det",5,5,2,2,NA,NA,NA,NA,1,5,NA,1,,,Kassesystem,,,,,,,,,"Jeg syntes det er forkert man ikke kan tr칝kke tal p친 forskellige vare p친 en hel s칝son/친r.
Man skal sidde og t칝lle sammen diverse hver mdr.
Derudover skal man kunne fjerne oms칝tning fra appen, s친 personalet ikke kan f칝lge med i hvor meget man oms칝tter","Udvidet rapport i form af afl칝sning forskellige grupper.
Fjern oms칝tning dagsoms칝tninf"
2019-08-27 17:45:31 UTC,2019-08-27 17:48:22 UTC,completed,windows,Chrome 76.0.3809.132,c2f83180-a9f4-11e8-89d2-c36467f52ae9,3M,DK,email,crm,EU_DK_SRV_ALL_ALL_EML_GFB-SurveyYearlyCheck Version 2,Internets칮gning (Google),8,10,4,4,NA,4,NA,NA,4,4,NA,5,,,Kassesystem,,"Tilbeh칮r til kassen (f.eks. kvitteringsprinter, stregkodescanner m.m.)",,Kortl칝ser,,, V칝rkt칮jer til at f칮lge og analysere salg,,lidt h칮j omkostning pr. transaktion,ikke noget
2019-08-27 20:59:00 UTC,2019-08-27 21:01:12 UTC,completed,ios,Safari 12.1,974ebf3a-8203-11e9-89da-2a4bb941a52d,3M,DK,email,crm,EU_DK_SRV_ALL_ALL_EML_GFB-Survey3MonthsCheck Version 2,Jeg fik anbefalet iZettle,8,9,4,4,5,1,4,5,5,5,4,5,,,Kassesystem,,"Tilbeh칮r til kassen (f.eks. kvitteringsprinter, stregkodescanner m.m.)",V칝rkt칮jer til lagerstyring,Kortl칝ser,,,,,Udbetlingerne tager alt for lang tid,Nej
2019-08-28 15:43:00 UTC,2019-08-28 15:54:53 UTC,completed,ios,Safari 12.1.2,d78643e0-aac5-11e8-ac8b-39c0e2186e3c,3M,DK,email,crm,EU_DK_SRV_ALL_ALL_EML_GFB-SurveyYearlyCheck Version 2,"Jeg betalte for noget med iZettle, eller s친 en anden g칮re det",8,8,5,5,5,5,3,3,3,5,5,5,,,Kassesystem,Virksomhedsfinansiering,"Tilbeh칮r til kassen (f.eks. kvitteringsprinter, stregkodescanner m.m.)",V칝rkt칮jer til lagerstyring,Kortl칝ser,,V칝rkt칮jer til personalestyring, V칝rkt칮jer til at f칮lge og analysere salg,,"Da vores salg er til turister, er vores 칮nske at info til kunden er p친 engelsk p친 kortl칝ser","Ved kontant salg, at vi kan register at vi modtager euro og dollar"
2019-08-29 15:27:00 UTC,2019-08-29 15:36:42 UTC,completed,ios,Chrome 76.0.3809.123,8ec35250-abac-11e8-9e5e-27fdd36f7af6,3M,DK,email,crm,EU_DK_SRV_ALL_ALL_EML_GFB-SurveyYearlyCheck Version 2,Sociale medier,5,5,3,5,5,3,NA,NA,1,3,4,4,Bogf칮ringsv칝rkt칮jer,,Kassesystem,,"Tilbeh칮r til kassen (f.eks. kvitteringsprinter, stregkodescanner m.m.)",V칝rkt칮jer til lagerstyring,Kortl칝ser,,, V칝rkt칮jer til at f칮lge og analysere salg,,Kortl칝seren er ikke optimal. Jeg har v칝ret n칮d til at udskifte 3 gang p친 under 2 친r. Gebyrer er for h칮je.,Fuld opdateret brugerflade hvor bogf칮ring er integreret.
2019-08-30 13:25:26 UTC,2019-08-30 13:27:48 UTC,completed,windows,Chrome 76.0.3809.100,2d3d27e8-803d-11e9-bb4f-42d02549d284,3M,DK,email,crm,EU_DK_SRV_ALL_ALL_EML_GFB-Survey3MonthsCheck Version 2,Jeg fik anbefalet iZettle,9,10,4,5,NA,4,4,3,4,4,4,NA,,,Kassesystem,,"Tilbeh칮r til kassen (f.eks. kvitteringsprinter, stregkodescanner m.m.)",V칝rkt칮jer til lagerstyring,Kortl칝ser,,,,,Enkelhed og brugervenlighed,?
2019-08-31 04:40:31 UTC,2019-08-31 04:43:33 UTC,completed,windows,Chrome 76.0.3809.132,240b2370-8496-11e9-98b0-d39d42ef1584,3M,DK,email,crm,EU_DK_SRV_ALL_ALL_EML_GFB-Survey3MonthsCheck Version 2,Jeg fik anbefalet iZettle,10,10,5,5,5,5,NA,NA,5,5,NA,5,,,,,"Tilbeh칮r til kassen (f.eks. kvitteringsprinter, stregkodescanner m.m.)",V칝rkt칮jer til lagerstyring,Kortl칝ser,,,,,Det hele fungerer,Ingen
2019-09-03 03:46:11 UTC,2019-09-03 03:51:32 UTC,completed,ios,Safari 12.1.2,e6aca1e2-844b-11e9-a4a1-0fdba27cfb9f,3M,DK,email,crm,EU_DK_SRV_ALL_ALL_EML_GFB-Survey3MonthsCheck Version 2,Internets칮gning (Google),10,10,4,5,5,5,3,NA,5,5,NA,5,,,,,,,Kortl칝ser,,,,,"M친ske en speciel lyd n친r transaktionen ikke g친r igennem - i min foodtruck hvor det g친r st칝rk,  er det smuttet mange gange og s친 opdager man det f칮rst ved n칝ste kunde - desv칝rre s친 for sent.",Det jeg skrev f칮r ;)
2019-09-06 15:18:27 UTC,2019-09-06 15:21:11 UTC,completed,ios,Safari 12.1.2,52a00e30-b1dd-11e8-85f2-de796b9fdebb,3M,DK,email,crm,EU_DK_SRV_ALL_ALL_EML_SRV-Survey-Yearly-Check A,"Jeg betalte for noget med iZettle, eller s친 en anden g칮re det",9,10,4,4,NA,3,NA,5,5,4,NA,NA,,,Kassesystem,,"Tilbeh칮r til kassen (f.eks. kvitteringsprinter, stregkodescanner m.m.)",V칝rkt칮jer til lagerstyring,Kortl칝ser,,,,,Ll,.
2019-09-09 12:09:40 UTC,2019-09-09 12:12:17 UTC,completed,windows,Internet Explorer 11.0,629dacb0-b292-11e8-a0f5-37ca1973f0bd,3M,DK,email,crm,EU_DK_SRV_ALL_ALL_EML_SRV-Survey-Yearly-Check A,Jeg fik anbefalet iZettle,8,8,4,4,4,4,4,4,4,4,4,4,Bogf칮ringsv칝rkt칮jer, Fakturering,Kassesystem,,"Tilbeh칮r til kassen (f.eks. kvitteringsprinter, stregkodescanner m.m.)",,Kortl칝ser,,,,,nej,ingen
2019-09-11 21:32:17 UTC,2019-09-11 21:35:12 UTC,completed,ios,Safari 12.1.2,c5589780-b5ac-11e8-a414-22401e5e8cf3,3M,DK,email,crm,EU_DK_SRV_ALL_ALL_EML_SRV-Survey-Yearly-Check A,Internets칮gning (Google),7,7,4,3,3,4,NA,3,5,5,3,3,,,,,,,Kortl칝ser,,,,,Tilbyd evt en nem m친de at k칝de sammen med webshop/woocommerce,
2019-09-16 18:52:31 UTC,2019-09-16 18:54:40 UTC,completed,mac,Safari 13.0.1,422eeae0-b75e-11e8-9504-1cb942881c5a,3M,DK,email,crm,EU_DK_SRV_ALL_ALL_EML_SRV-Survey-Yearly-Check A,Internets칮gning (Google),9,10,5,5,NA,5,5,4,5,5,NA,3,,,Kassesystem,,,,Kortl칝ser,,,,,"Det er ikke alle kort hvor den 'husker' email kontoen til kvitteringer, og jeg kan ikke umiddelbart finde nogen sammenh칝ng?",n/a
2019-09-18 19:21:43 UTC,2019-09-18 19:27:12 UTC,completed,ios,Safari 12.1.2,232180a6-93a2-11e9-8437-1a6b821e122f,3M,DK,email,crm,EU_DK_SRV_ALL_ALL_EML_SRV-Survey-3-Months-Check A,Jeg fik anbefalet iZettle,10,10,5,5,5,5,5,5,5,5,5,5,Bogf칮ringsv칝rkt칮jer,,Kassesystem,Virksomhedsfinansiering,"Tilbeh칮r til kassen (f.eks. kvitteringsprinter, stregkodescanner m.m.)",,Kortl칝ser,,,,,Alt er super,Alt er super
