Started At,Completed At,Completion Status,Device Type,Browser,Organization Uuid,Segment,Organizationscountry,Utm Medium,Utm Source,Utm Campaign,1. 1. Hur fick du reda p√• information om iZettle?,"2. 2. Hur n√∂jd √§r du i helhet med iZettle, p√• en skala 1 till 10?",3. 3. Hur sannolikt √§r det att du skulle rekommendera iZettle till en v√§n eller kollega?,"4.1. 4. Ange p√• en skala fr√•n 1 till 5, hur n√∂jd du √§r med: V√•r kommunikation (t.ex. om nya funktioner, tips och trick, kontouppdateringar)","4.2. 4. Ange p√• en skala fr√•n 1 till 5, hur n√∂jd du √§r med: Utbetalningar","4.3. 4. Ange p√• en skala fr√•n 1 till 5, hur n√∂jd du √§r med: Kortl√§sare","4.4. 4. Ange p√• en skala fr√•n 1 till 5, hur n√∂jd du √§r med: Att ta betalt","4.5. 4. Ange p√• en skala fr√•n 1 till 5, hur n√∂jd du √§r med: Att erbjuda kunder kvitton","4.6. 4. Ange p√• en skala fr√•n 1 till 5, hur n√∂jd du √§r med: Kompatibilitet med tillbeh√∂r (t.ex. skrivare, st√§ll, streckkodsl√§sare osv.)

","4.7. 4. Ange p√• en skala fr√•n 1 till 5, hur n√∂jd du √§r med: Kundsupport","4.8. 4. Ange p√• en skala fr√•n 1 till 5, hur n√∂jd du √§r med: Det totala beloppet du kan acceptera per kortbetalning","4.9. 4. Ange p√• en skala fr√•n 1 till 5, hur n√∂jd du √§r med: Transaktionsavgifter","4.10. 4. Ange p√• en skala fr√•n 1 till 5, hur n√∂jd du √§r med: Ditt konto p√• my.izettle.com","4.11. 4. Ange p√• en skala fr√•n 1 till 5, hur n√∂jd du √§r med: F√∂rs√§ljningsrapporter",5. 5. Vilka av f√∂ljande produkter/tj√§nster/l√∂sningar tror eller vet du att iZettle kan erbjuda sm√•f√∂retag?,,,,,,,,,,,6. 6. Vi vill alltid utvecklas och f√∂rb√§ttra tj√§nsten f√∂r v√•ra kunder. Ange nedan om det finns n√•got du √§r missn√∂jd med:,7. 7. Vi vill alltid utvecklas och f√∂rb√§ttra tj√§nsten f√∂r v√•ra kunder. Ange nedan om det √§r n√•gon funktion som du saknar idag:
,,,,,,,,,,,,,,,,,,,,,,,,,Kortl√§sare,Kassasystem/Point-of-sale system,Lagerhanteringverktyg,F√∂retagsfinansiering,Medarbetarhanteringsverktyg,Kassaregister/Kassatillbeh√∂r,Analyseringsverktyg,Bokf√∂ringsverktyg/Bokf√∂ringstj√§nst,Kundlojalitetsverktyg (CRM),Faktura,Inget av ovanst√•ende alternativ,,
2019-04-20 04:22:02 UTC,2019-04-20 04:25:49 UTC,completed,ios,Safari 12.0,b22093c0-43d3-11e8-84ae-32e70fb79c92,3M,FI,email,crm,EU_FISV_SRV_ALL_ALL_EML_GFB-SurveyYearlyCheck version 2,Genom rekommendationer fr√•n n√•gon,8,8,4,5,5,4,3,3,3,3,2,3,4,Kortl√§sare,,,,,,,,,,,Som sm√•f√∂retagare skulle det vara bra att i f√∂rs√§ljningsrapporten se vem som betalat. Som det √§r nu ser jag endast hur m√•nga inbetalningar som inkommit o hur nycket.,Samma h√§r; se vem som betalat.
2019-04-23 17:09:47 UTC,2019-04-23 17:16:39 UTC,completed,windows,Chrome 73.0.3683.103,33859280-46ef-11e8-b20f-0823255d7c02,3M,FI,email,crm,EU_FISV_SRV_ALL_ALL_EML_GFB-SurveyYearlyCheck version 2,Genom rekommendationer fr√•n n√•gon,9,9,4,5,4,4,5,5,4,5,4,4,4,Kortl√§sare,Kassasystem/Point-of-sale system,Lagerhanteringverktyg,F√∂retagsfinansiering,Medarbetarhanteringsverktyg,Kassaregister/Kassatillbeh√∂r,Analyseringsverktyg,Bokf√∂ringsverktyg/Bokf√∂ringstj√§nst,Kundlojalitetsverktyg (CRM),Faktura,,Hittills har jag varit n√∂jd med allt.,Inget jag kommer p√• nu just √•tminstone.
2019-05-06 18:46:28 UTC,2019-05-06 18:52:21 UTC,completed,android,Chrome 73.0.3683.75,fd197cf0-5136-11e8-9812-a39904cde08a,3M,FI,email,crm,EU_FISV_SRV_ALL_ALL_EML_GFB-SurveyYearlyCheck version 2,Via internet (Google),8,7,3,4,2,4,3,4,3,5,2,4,4,Kortl√§sare,Kassasystem/Point-of-sale system,Lagerhanteringverktyg,F√∂retagsfinansiering,,Kassaregister/Kassatillbeh√∂r,,,,,,Transaktionsavgifterna,Nej
2019-05-08 05:34:18 UTC,2019-05-08 05:38:19 UTC,completed,windows,Firefox 66.0,f54b76c0-51c9-11e8-b987-1bd41bd297de,3M,FI,email,crm,EU_FISV_SRV_ALL_ALL_EML_GFB-SurveyYearlyCheck version 2,Sociala medier,10,10,5,5,5,5,5,5,5,5,3,5,5,Kortl√§sare,,,,,,,,,,,Vi √§r n√∂jda,"Lite mera infotext p√• hemsidan, vi vet tex inte hur vi fixar kortl√§sarna p√• skilda bokf√∂ringar, d√• det √§r en grill och en glasskiosk med olika ekonomi"
2019-05-09 16:54:56 UTC,2019-05-09 16:58:06 UTC,completed,ios,Safari 12.1,71bdcaa0-539b-11e8-84db-40c31bdbe554,3M,FI,email,crm,EU_FISV_SRV_ALL_ALL_EML_GFB-SurveyYearlyCheck version 2,Genom rekommendationer fr√•n n√•gon,8,9,4,5,4,4,3,4,4,3,3,4,5,Kortl√§sare,Kassasystem/Point-of-sale system,,,,Kassaregister/Kassatillbeh√∂r,Analyseringsverktyg,,,Faktura,,Inget!,Allt bra!
2019-05-23 11:20:01 UTC,2019-05-23 11:20:55 UTC,completed,windows,Chrome 74.0.3729.157,073450e0-5dab-11e8-b50e-8caf9583462b,3M,FI,email,crm,EU_FISV_SRV_ALL_ALL_EML_GFB-SurveyYearlyCheck version 2,TV,9,9,5,5,5,5,5,5,5,5,5,5,5,Kortl√§sare,,,,,,,,,,,nej,nej
2019-06-05 17:02:24 UTC,2019-06-05 17:11:44 UTC,completed,windows,Internet Explorer 11.0,4a149ac0-688a-11e8-852a-a5c731b44897,3M,FI,email,crm,EU_FISV_SRV_ALL_ALL_EML_GFB-SurveyYearlyCheck version 2,Genom rekommendationer fr√•n n√•gon,9,9,5,5,5,4,5,5,5,5,4,5,5,Kortl√§sare,Kassasystem/Point-of-sale system,Lagerhanteringverktyg,,,Kassaregister/Kassatillbeh√∂r,,,,Faktura,,Ej missn√∂jd med n√•got som jag kan komma p√• just nu.,√Ñr nog n√∂jd som det fungerar idag.
2019-06-18 19:02:54 UTC,2019-06-18 19:27:06 UTC,completed,ios,Safari 12.1.1,c9afa6c0-732b-11e8-bf4b-9143d79d3508,3M,FI,email,crm,EU_FISV_SRV_ALL_ALL_EML_GFB-SurveyYearlyCheck version 2,"Jag betalade n√•gonting med iZettle, eller s√•g n√•gon betala med iZettle ",6,6,5,5,5,2,4,5,5,5,5,5,5,,,,,,,,,,Faktura,,"Jag √§r missn√∂jd pga att faktura alternativet EJ FUNKAR 
Ring om ni vill diskutera 
+358401831811/Daniel Smith",Faktura
2019-06-19 15:25:07 UTC,2019-06-19 15:29:10 UTC,completed,ios,Safari 12.1.1,42236f60-7395-11e8-a6ec-5dd70b702af5,3M,FI,email,crm,EU_FISV_SRV_ALL_ALL_EML_GFB-SurveyYearlyCheck version 2,Genom rekommendationer fr√•n n√•gon,10,10,NA,NA,5,5,5,5,5,5,4,5,5,Kortl√§sare,,,,,,,,,,,Ingenting,Kommer inte p√• n√•nting nu
2019-06-26 18:45:45 UTC,2019-06-26 18:48:12 UTC,completed,ios,Safari 9.0,df8d0820-7970-11e8-a86c-8de62fe48aad,3M,FI,email,crm,EU_FISV_SRV_ALL_ALL_EML_GFB-SurveyYearlyCheck version 2,"Jag betalade n√•gonting med iZettle, eller s√•g n√•gon betala med iZettle ",9,9,4,5,5,5,5,5,5,5,5,5,5,Kortl√§sare,,,,,,,,,,,'-,'-
2019-07-02 16:55:35 UTC,2019-07-02 16:59:35 UTC,completed,ios,Safari 12.1.1,0c276f30-7e29-11e8-8987-2ed032c8d6df,3M,FI,email,crm,EU_FISV_SRV_ALL_ALL_EML_GFB-SurveyYearlyCheck version 2,"Jag betalade n√•gonting med iZettle, eller s√•g n√•gon betala med iZettle ",10,10,4,5,5,4,5,4,4,5,2,5,3,Kortl√§sare,,,,,Kassaregister/Kassatillbeh√∂r,,,,,,.,Ingen
2019-07-04 06:19:36 UTC,2019-07-04 06:22:22 UTC,completed,ios,Chrome 75.0.3770.103,cf30f540-7eb6-11e8-ab60-529db72396e7,3M,FI,email,crm,EU_FISV_SRV_ALL_ALL_EML_GFB-SurveyYearlyCheck version 2,Genom rekommendationer fr√•n n√•gon,7,10,3,5,3,5,5,5,3,5,3,5,5,Kortl√§sare,,,,,Kassaregister/Kassatillbeh√∂r,,,,,,Batteriet p√• min iZettle √§r d√•lig bara efter 1√•r . üôÅ,Vet inte
2019-07-14 08:31:35 UTC,2019-07-14 08:37:35 UTC,completed,ios,Safari 12.0,43c6a3e0-8674-11e8-b2d9-9d6e6a6dfb64,3M,FI,email,crm,EU_FISV_SRV_ALL_ALL_EML_GFB-SurveyYearlyCheck version 2,Genom rekommendationer fr√•n n√•gon,8,9,4,5,4,4,4,4,4,4,4,4,4,Kortl√§sare,,,F√∂retagsfinansiering,,Kassaregister/Kassatillbeh√∂r,Analyseringsverktyg,Bokf√∂ringsverktyg/Bokf√∂ringstj√§nst,,,,√Ñr n√∂jd med allt,Saknar inget
2019-07-19 18:36:09 UTC,2019-07-19 18:38:02 UTC,completed,android,Chrome 75.0.3770.143,3d7d5b70-8b45-11e8-96fe-225309017665,3M,FI,email,crm,EU_FISV_SRV_ALL_ALL_EML_GFB-SurveyYearlyCheck version 2,Via internet (Google),9,10,4,5,4,4,3,4,4,4,4,4,4,Kortl√§sare,Kassasystem/Point-of-sale system,,,,Kassaregister/Kassatillbeh√∂r,Analyseringsverktyg,,,,,Inget,Nej
2019-07-20 16:03:53 UTC,2019-07-20 16:07:33 UTC,completed,android,Chrome 75.0.3770.143,d1211250-8be4-11e8-b200-efd54ab15b50,3M,FI,email,crm,EU_FISV_SRV_ALL_ALL_EML_GFB-SurveyYearlyCheck version 2,Genom rekommendationer fr√•n n√•gon,9,9,4,4,5,5,4,NA,NA,NA,2,4,4,Kortl√§sare,,,,,,,,,,,Kunde vara billigare transaktioner,Vet ej
2019-07-24 22:17:22 UTC,2019-07-24 22:21:16 UTC,completed,android,Chrome 75.0.3770.143,bbfd75c0-8f3c-11e8-bb4d-7b010b81d92c,3M,FI,email,crm,EU_FISV_SRV_ALL_ALL_EML_GFB-SurveyYearlyCheck version 2,"Jag betalade n√•gonting med iZettle, eller s√•g n√•gon betala med iZettle ",8,9,4,5,4,4,3,3,3,4,5,4,4,Kortl√§sare,,Lagerhanteringverktyg,,,Kassaregister/Kassatillbeh√∂r,,,,,,Kortl√§sare st√§nger av sig sj√§lv ganska snabbt.,Att kortl√§sare startar sig sj√§lv n√§r man matar in en betalning.
2019-08-15 15:57:53 UTC,2019-08-15 16:01:17 UTC,completed,android,Chrome 76.0.3809.89,20ef5b80-a052-11e8-8de9-560445afd574,3M,FI,email,crm,EU_FISV_SRV_ALL_ALL_EML_GFB-SurveyYearlyCheck version 2,Via internet (Google),10,10,5,5,5,5,1,2,5,5,1,5,5,Kortl√§sare,Kassasystem/Point-of-sale system,Lagerhanteringverktyg,F√∂retagsfinansiering,Medarbetarhanteringsverktyg,Kassaregister/Kassatillbeh√∂r,Analyseringsverktyg,,,,,I √§ldre Android apparater syns inte bilderna p√• produkterna.,Inte direkt nu..
2019-08-23 16:04:39 UTC,2019-08-23 16:08:12 UTC,completed,ios,Safari 12.1.2,f7174ed0-a6c8-11e8-ab21-ba570fc1fe0a,3M,FI,email,crm,EU_FISV_SRV_ALL_ALL_EML_GFB-SurveyYearlyCheck version 2,Via internet (Google),9,10,4,4,5,5,3,3,NA,NA,2,4,4,Kortl√§sare,,Lagerhanteringverktyg,,,Kassaregister/Kassatillbeh√∂r,,,,Faktura,,Kunde vara mindre transaktionsavgift vid betalning med debit.,Presentkort
2019-08-26 18:21:03 UTC,2019-08-26 18:23:53 UTC,completed,ios,Safari 605.1,580aa0d0-a966-11e8-b8cb-4fb5d3e78d84,3M,FI,email,crm,EU_FISV_SRV_ALL_ALL_EML_GFB-SurveyYearlyCheck version 2,"Jag betalade n√•gonting med iZettle, eller s√•g n√•gon betala med iZettle ",8,10,5,5,5,5,1,NA,NA,5,3,5,5,Kortl√§sare,,Lagerhanteringverktyg,F√∂retagsfinansiering,,Kassaregister/Kassatillbeh√∂r,Analyseringsverktyg,Bokf√∂ringsverktyg/Bokf√∂ringstj√§nst,,Faktura,,Snyggare och enklare kvitton via izettle.com,Vet ej
2019-09-19 16:22:28 UTC,2019-09-19 16:33:09 UTC,completed,android,Chrome 76.0.3809.132,695f8cb0-bc08-11e8-8519-0ab16000baf2,3M,FI,email,crm,EU_FI_SRV_ALL_ALL_EML_SRV-FISv-Survey-Yearly-Check A,Genom rekommendationer fr√•n n√•gon,10,10,4,5,5,5,5,5,5,5,5,5,5,Kortl√§sare,Kassasystem/Point-of-sale system,,,,,,,,,,"Fins inget, √§r mycket n√∂jd,men den f√∂rsta versionen svarta versionen borde man f√• byta ut mot senare modell f√∂r en sk√§lig mellan skillnad typ 40 ‚Ç¨","Spr√•kkunskaperna Finland. Finnarna har sv√•righeter med svenska spr√•ket och vid telefonsamtal skall den finska damen √•terkomma men gl√∂mmer att s√§ga vilken tid,datum,√•rtal"
